id;object_id;uuid;tittel;betegnelse;datering;fra_aar;til_aar;hundreaar;produksjonsstad;produsent;materialar;material_kommentar;teknikk;dekorteknikk;maal;hoegde_cm;breidde_cm;djupn_cm;setehoegde_cm;emneord;klassifikasjon;stilperiode;erverving;beskriving;bilde_url;bilde_tal;digitaltmuseum_url;nasjonalmuseet_url;glb_url;lokal_bilde
27;OK-2003-0101A;a04d160d-eddb-469f-9f40-7fb3dbe6a3f3;Barnestol;"Barnestol; Barnestol, tre deler";1968 (design) 2002 ;;;;Norge, Akershus, Vestby;Meyer, Terje;Papp;Bemaling på papp;Bemaling;;H 26,2 x ⌀ 31 cm;26.2;;;;"Møbel; Design";352.1 (Sittemøbler);;Gave 2003;;https://ms01.nasjonalmuseet.no/iiif/tif/140125.tif/full/4000,/0/default.jpg;1;https://digitaltmuseum.org/0210615046606;https://www.nasjonalmuseet.no/samlingen/objekt/OK-2003-0101A;;bilete/OK-2003-0101A.jpg
43;OK-05510;2fd6e29a-ea5e-4309-9963-170525ab56a4;Stolpestol fra Baldishol;"Armstol; Stolpestol";Antakelig første halvdel 1200-tallet;1200;1220;1300-talet;Norge, Norge;;"Bjørk; Gran";Stolpekonstruksjon med dreid bjørk, flater i gran, beiset og fernissert;"Dreiing; Plugging; Tapping; Fernissering; Beising";;H 98 x B 64 x D 54 cm;98.0;64.0;54.0;;"Møbel; Kunstindustri";"322 (Trearbeid); 322.41 (Møbelsnekring); 322.52 (Dreier, tredreier); 352.1 (Sittemøbler)";;Kjøpt 1891;;"https://ms01.nasjonalmuseet.no/iiif/tif/35730.tif/full/4000,/0/default.jpg; https://ms01.nasjonalmuseet.no/iiif/tif/35729.tif/full/4000,/0/default.jpg";2;https://digitaltmuseum.org/0210615052628;https://www.nasjonalmuseet.no/samlingen/objekt/OK-05510;;bilete/OK-05510.jpg
74;OK-17303;fe7b7d3f-183c-48b1-81ca-a767533b06a3;Armstol;"Armstol; stolpestol";Ca. 1500;1500;1500;1600-talet;Norge, Norge;;Furu;Bemalt, lasert og voksbonet furu med dreid, skåret og punslet dekor.;"Lasering; Bemaling; Tapping; Voksboning; Dreiing; Punsling; Treskjæring; Profilering; Treskjæring";;H 117 x B 70 x D 44,5 cm;117.0;70.0;44.5;;Møbel;"352.1 (Sittemøbler); 322.5 (Tredreiing); 322.48 (Møbeldesign)";;Ervervelsesopplysninger under arbeid;;"https://ms01.nasjonalmuseet.no/iiif/tif/07571.tif/full/4000,/0/default.jpg; https://ms01.nasjonalmuseet.no/iiif/tif/07572.tif/full/4000,/0/default.jpg";2;https://digitaltmuseum.org/0210615058170;https://www.nasjonalmuseet.no/samlingen/objekt/OK-17303;;bilete/OK-17303.jpg
170;OK-04953;1e78e0b1-e313-44af-9c2c-5a5cf0c65bcc;Stol;Stol;Mellom 1600-1750;1600;1750;1700-talet;Norge, Nord, Gudbrandsdal;;"Bjørk; Jern; Furu";Bjørk med skåret dekor, sammenføyd med tapper.;"Treskurd; Tapping; Spikring; Flatskurd";;H 93 x B 47 x D 44,5 cm;93.0;47.0;44.5;;Møbel;"322.48 (Møbeldesign); 352.1 (Sittemøbler)";;kjøpt 1897;;"https://ms01.nasjonalmuseet.no/iiif/tif/07306.tif/full/4000,/0/default.jpg; https://ms01.nasjonalmuseet.no/iiif/tif/07245.tif/full/4000,/0/default.jpg";2;https://digitaltmuseum.org/0210615049278;https://www.nasjonalmuseet.no/samlingen/objekt/OK-04953;;bilete/OK-04953.jpg
177;OK-05538;a4fffdf4-e6ff-4dfb-b7dd-d05cf18318eb;Armstol;Armstol;1650-1669;1650;1669;1700-talet;Norge, Norge;;"Bøk; Lær";Bøk med skåret og dreid dekor, gyllenlærstrekk;"Gyllenlærfremstilling; Figurskjæring; Høyt relieff; Polstring; Dreiing; Tapping; Plugging; Beising; Fernissering";;H 116 x B 62 x D 73 cm;116.0;62.0;73.0;;Møbel;"322.48 (Møbeldesign); 352.1 (Sittemøbler)";;Kjøpt 1896;;https://ms01.nasjonalmuseet.no/iiif/tif/07414.tif/full/4000,/0/default.jpg;1;https://digitaltmuseum.org/0210615051708;https://www.nasjonalmuseet.no/samlingen/objekt/OK-05538;;bilete/OK-05538.jpg
58;OK-05554;4ffbdf5d-0e40-43b8-a1eb-b6ac84924b15;Stol;Stol;1650-tallet;1650;1659;1700-talet;Norge, Norge;;"Bøk; Lær";Bøk med skåret og dreid dekor, lærtrekk.;"Dreiing; Polstring; Relieffskjæring; Tapping; Plugging; Beising; Fernissering";;H 103,5 x B 48 x D 49,5 cm;103.5;48.0;49.5;;Møbel;"322.48 (Møbeldesign); 352.1 (Sittemøbler)";;Gave 1895;;https://ms01.nasjonalmuseet.no/iiif/tif/09086.tif/full/4000,/0/default.jpg;1;https://digitaltmuseum.org/0210615051916;https://www.nasjonalmuseet.no/samlingen/objekt/OK-05554;;bilete/OK-05554.jpg
79;OK-15700;da63f575-6c81-46b4-8bb8-15ecda0ccd9d;Armstol;Armstol;ca. 1650;1650;1650;1700-talet;Norge, Norge;;"Lønn; Lær";Lønn med skåret og dreid dekor og lærtrekk.;"Dreiing; Polstring; Ornamentskjæring; Figurskjæring; Profilering";;H 99 x B 61,5 x D 49,5 cm;99.0;61.5;49.5;;Møbel;"322.48 (Møbeldesign); 352.1 (Sittemøbler)";;Gave 1958;;https://ms01.nasjonalmuseet.no/iiif/tif/07201.tif/full/4000,/0/default.jpg;1;https://digitaltmuseum.org/0210615058428;https://www.nasjonalmuseet.no/samlingen/objekt/OK-15700;;bilete/OK-15700.jpg
98;OK-1972-0002;b79bb5fd-f3c9-49d0-8440-59d01081f52b;Armstol;Armstol;1660-1680;1660;1680;1700-talet;Norge, Norge;Ukjent;"Bøk; Messing; Silke";Fernissert bøk med dreid og skåret dekor, trekk i silkedamask.;"Fernissering; Damask; Dreiing; Innfelling; Polstring; Gjennombrutt utskjæring; Lavt relieff";;H 109,3 x B 62 x D42 cm;109.3;62.0;42.0;;Møbel;"322.48 (Møbeldesign); 352.1 (Sittemøbler)";;Gave 1972;;https://ms01.nasjonalmuseet.no/iiif/tif/07503.tif/full/4000,/0/default.jpg;1;https://digitaltmuseum.org/0210615060930;https://www.nasjonalmuseet.no/samlingen/objekt/OK-1972-0002;;bilete/OK-1972-0002.jpg
53;OK-02274;f48a2a0b-5e26-4bf9-b429-28de9aaedd2e;Stol;"Stol; Gyldenlærstol";Slutten av 1600-tallet;1680;1700;1700-talet;Norge, Norge;Torleifsen Ødven, Magnus;"Ask; Strie; Messing; Lær; Kryssfiner";Relieffskåret ask og gyldenlær;"Gyllenlærfremstilling; Tapping; Plugging; Polstring; Gjennombrutt utskjæring; Relieffskjæring; Fernissering; Beising";;H 137 x B 59 x D 63 cm;137.0;59.0;63.0;;Møbel;"352.1 (Sittemøbler); 531.33 (Gyldenlærmaker)";;Kjøpt 1884;;https://ms01.nasjonalmuseet.no/iiif/tif/94778.tif/full/4000,/0/default.jpg;1;https://digitaltmuseum.org/0210615047504;https://www.nasjonalmuseet.no/samlingen/objekt/OK-02274;;bilete/OK-02274.jpg
4;OK-02465;83d0bed0-ace5-4023-87eb-cbf311e25e67;Lenestol;"Lenestol; Lænestol";mellom 1690-1710;1690;1710;1700-talet;Norge, Norge;Ukjent;"Bøk; Messing; Lær; Lin";Bøk med skåret og dreid dekor, gyllenlærstrekk.;"Dreiing; Gyllenlærfremstilling; Polstring; Gjennombrutt utskjæring; Lavt relieff; Figurskjæring; Tapping; Plugging; Fernissering";;H 151 x B 89 x D 86 cm;151.0;89.0;86.0;;Møbel;"322.48 (Møbeldesign); 352.1 (Sittemøbler)";;Kjøpt 1885;;"https://ms01.nasjonalmuseet.no/iiif/tif/07243.tif/full/4000,/0/default.jpg; https://ms01.nasjonalmuseet.no/iiif/tif/00076.tif/full/4000,/0/default.jpg";2;https://digitaltmuseum.org/0210615049022;https://www.nasjonalmuseet.no/samlingen/objekt/OK-02465;;bilete/OK-02465.jpg
50;OK-02780;77efe470-30b2-4f67-8820-e30509731e11;Armstol;Armstol;Begynnelsen av 1700-tallet;1700;1729;1800-talet;Norge, Norge;Ukjent;"Ask; Or; Lær";Ask og or, skåret og dreid dekor, gyllenlærstrekk.;"Gyllenlærfremstilling; Dreiing; Polstring; Gjennombrutt utskjæring; Figurskjæring; Lavt relieff; Tapping; Spikring; Voksboning; Lasering";;H 128,5 x B 68 x D 60 cm;128.5;68.0;60.0;;Møbel;"322.48 (Møbeldesign); 352.1 (Sittemøbler)";;Kjøpt 1886;;https://ms01.nasjonalmuseet.no/iiif/tif/07302.tif/full/4000,/0/default.jpg;1;https://digitaltmuseum.org/0210615047680;https://www.nasjonalmuseet.no/samlingen/objekt/OK-02780;;bilete/OK-02780.jpg
52;OK-02781;26826bcb-a529-442a-8ce4-311913806fc4;Stol;"Stol; Gyldenlærstol";Begynnelsen av 1700-tallet;1700;1729;1800-talet;Norge, Norge;Ukjent;"Ask; Or; Lær; Lin";Ask og or med skåret og dreid dekor, gyllenlærstrekk;"Dreiing; Gyllenlærfremstilling; Polstring; Figurskjæring; Gjennombrutt utskjæring; Relieffskjæring; Tapping; Plugging; Lasering";;H 126 x B 53,5 x D 53,5 cm;126.0;53.5;53.5;;Møbel;"322.48 (Møbeldesign); 352.1 (Sittemøbler); 531.33 (Gyldenlærmaker)";;Kjøpt 1886;;https://ms01.nasjonalmuseet.no/iiif/tif/07303.tif/full/4000,/0/default.jpg;1;https://digitaltmuseum.org/0210615049546;https://www.nasjonalmuseet.no/samlingen/objekt/OK-02781;;bilete/OK-02781.jpg
51;OK-02782;f77a8242-ebac-494f-8c4e-b1c8e3edf4e8;Stol;Stol;begynnelsen av 1700-tallet;1700;1729;1800-talet;Norge, Norge;Ukjent;"Ask; Or; Lær";Ask og or med dreid og skåret dekor, gyllenlærstrekk;"Gyllenlærfremstilling; Dreiing; Polstring; Gjennombrutt utskjæring; Figurskjæring; Relieffskjæring; Tapping; Plugging; Lasering";;H 126,5 x B 54,5 x D 54,5 cm;126.5;54.5;54.5;;Møbel;"322.48 (Møbeldesign); 352.1 (Sittemøbler)";;kjøpt 1886;;https://ms01.nasjonalmuseet.no/iiif/tif/07407.tif/full/4000,/0/default.jpg;1;https://digitaltmuseum.org/0210615049460;https://www.nasjonalmuseet.no/samlingen/objekt/OK-02782;;bilete/OK-02782.jpg
22;OK-03077;f8164175-2b3b-4583-98fd-2be8c696a0f4;Stol;Stol;Ca. 1700;1700;1700;1800-talet;Norge, Norge;;"Bjørk; Lin; Lær";Brunmalt bjørk med skåret dekor, gyllenlærstrekk.;"Bemaling; Gyllenlærfremstilling; Gjennombrutt utskjæring; Figurskjæring; Polstring; Tapping; Dreiing";;H 112 x B 53,5 x D 52,5 cm;112.0;53.5;52.5;;Møbel;"322.48 (Møbeldesign); 352.1 (Sittemøbler); 531.33 (Gyldenlærmaker)";;Testamentarisk gave, innkommet 1889;;https://ms01.nasjonalmuseet.no/iiif/tif/07142.tif/full/4000,/0/default.jpg;1;https://digitaltmuseum.org/0210615049870;https://www.nasjonalmuseet.no/samlingen/objekt/OK-03077;;bilete/OK-03077.jpg
54;OK-03078;d9632651-4a42-4f7f-b604-fc2e3a8089f8;Stol;Stol;Ca. 1700;1700;1700;1800-talet;Norge, Norge;;"Bjørk; Lær";Brunmalt bjørk med skåret dekor, gyllenlærstrekk.;"Bemaling; Gyllenlærfremstilling; Gjennombrutt utskjæring; Figurskjæring; Polstring; Tapping";;H 112 x B 53 x D 53 cm;112.0;53.0;53.0;;Møbel;"322.48 (Møbeldesign); 352.1 (Sittemøbler); 531.33 (Gyldenlærmaker)";;Testamentarisk gave, innkommet 1889;;"https://ms01.nasjonalmuseet.no/iiif/tif/09102.tif/full/4000,/0/default.jpg; https://ms01.nasjonalmuseet.no/iiif/tif/07409.tif/full/4000,/0/default.jpg";2;https://digitaltmuseum.org/0210615050110;https://www.nasjonalmuseet.no/samlingen/objekt/OK-03078;;bilete/OK-03078.jpg
55;OK-03080;cdfdef88-af24-4177-9f06-dd5721895e7b;Stol;Stol;Ca. 1700;1700;1700;1800-talet;Norge, Norge;;"Or; Lin; Lær";Rødmalt or med skåret dekor, gyllenlærstrekk.;"Bemaling; Gyllenlærfremstilling; Innfelling; Gjennombrutt utskjæring; Figurskjæring; Relieffskjæring; Polstring";;H 120,5 x B 50 x D 47 cm;120.5;50.0;47.0;;Møbel;"322.48 (Møbeldesign); 352.1 (Sittemøbler); 531.33 (Gyldenlærmaker)";;Testamentarisk gave, innkommet 1889;;https://ms01.nasjonalmuseet.no/iiif/tif/07411.tif/full/4000,/0/default.jpg;1;https://digitaltmuseum.org/0210615049992;https://www.nasjonalmuseet.no/samlingen/objekt/OK-03080;;bilete/OK-03080.jpg
180;OK-05552;4c706c12-8fbb-4ef9-bf7d-c954e6e6895d;Armstol;Armstol;Ca. 1700;1700;1700;1800-talet;Norge, Norge;;"Bjørk; Lin; Furu; Lær";Bjørk og furu med skåret og dreid dekor, gyllenlærstrekk;"Gyllenlærfremstilling; Innfelling; Dreiing; Figurskjæring; Profilering; Polstring";;H 128 x B 62,5 x D 47 cm;128.0;62.5;47.0;;Møbel;"322.48 (Møbeldesign); 352.1 (Sittemøbler)";;kjøpt 1896;;"https://ms01.nasjonalmuseet.no/iiif/tif/OK-05552.tif/full/4000,/0/default.jpg; https://ms01.nasjonalmuseet.no/iiif/tif/07251.tif/full/4000,/0/default.jpg; https://ms01.nasjonalmuseet.no/iiif/tif/OK-05552.tif/full/4000,/0/default.jpg";3;https://digitaltmuseum.org/0210615051312;https://www.nasjonalmuseet.no/samlingen/objekt/OK-05552;;bilete/OK-05552.jpg
178;OK-05553;c6713135-dbd9-456f-9269-52fac5041a88;Stol;Stol;Ca. 1700;1700;1700;1800-talet;Norge, Norge;;"Bjørk; Furu; Lær";Bjørk og furu med skåret og dreid dekor, gyllenlærstrekk.;"Gyllenlærfremstilling; Innfelling; Dreiing; Figurskjæring; Gjennombrutt utskjæring; Polstring";;H 125 x B 47 x D 40 cm;125.0;47.0;40.0;;Møbel;"322.48 (Møbeldesign); 352.1 (Sittemøbler)";;kjøpt 1896;;https://ms01.nasjonalmuseet.no/iiif/tif/07152.tif/full/4000,/0/default.jpg;1;https://digitaltmuseum.org/0210615051800;https://www.nasjonalmuseet.no/samlingen/objekt/OK-05553;;bilete/OK-05553.jpg
179;OK-07280;1700f103-3166-4c73-ba03-0f0df67162af;Stol;"Stol; Stol med løst sete";Første halvdel av 1700-tallet;1700;1749;1800-talet;Norge, Norge;;"Ask; Silke; Bøk";Beiset stol i ask med skåret og dreid dekor og setetrekk i silkefløyel.;"Beising; Polstring; Innfelling; Dreiing; Profilering; Treskjæring; Fernissering";;H 105 x B 55 x D 42 cm;105.0;55.0;42.0;;Møbel;352.1 (Sittemøbler);;Kjøpt 1912;;https://ms01.nasjonalmuseet.no/iiif/tif/07261.tif/full/4000,/0/default.jpg;1;https://digitaltmuseum.org/0210615051100;https://www.nasjonalmuseet.no/samlingen/objekt/OK-07280;;bilete/OK-07280.jpg
56;OK-07611;9f5ec049-f80d-45e2-ae2b-4b539edd838c;Stol;Stol;Første halvdel av 1700-tallet;1700;1749;1800-talet;Norge, Norge;Ukjent;"Bøk; Skinn/lær/pergament, gyllenlær; Lin";Beiset og fernissert bøk med dreide og profilerte komponenter og skåret dekor. Rygg og sete trukket med gyldenlær.;"Tapping; Polstring; Plugging; Beising; Fernissering; Gyllenlærfremstilling; Dreiing; Profilering; Relieffskjæring";;H 112,5 x B 48 x D 47,5 cm;112.5;48.0;47.5;;Møbel;352.1 (Sittemøbler);;Kjøpt 1907;;https://ms01.nasjonalmuseet.no/iiif/tif/35918.tif/full/4000,/0/default.jpg;1;https://digitaltmuseum.org/0210615051640;https://www.nasjonalmuseet.no/samlingen/objekt/OK-07611;;bilete/OK-07611.jpg
59;OK-07968;f466faf6-38f7-490d-9f44-34d5534eb8c3;Stol;Stol;begynnelsen av 1700-tallet;1700;1729;1800-talet;Norge, Norge;Ukjent;"Bøk; Lær";Bøk med skåret og dreid dekor, gyllenlærstrekk.;"Gyllenlærfremstilling; Dreiing; Gjennombrutt utskjæring; Profilering; Tapping; Plugging; Fernissering";;H 125 x B 46 x D 53 cm;125.0;46.0;53.0;;Møbel;"322.48 (Møbeldesign); 352.1 (Sittemøbler)";;Kjøpt 1908;;https://ms01.nasjonalmuseet.no/iiif/tif/07267.tif/full/4000,/0/default.jpg;1;https://digitaltmuseum.org/0210615052438;https://www.nasjonalmuseet.no/samlingen/objekt/OK-07968;;bilete/OK-07968.jpg
62;OK-08745;501189b5-09bf-49d6-9b1f-52321ba13bfb;Stol;Stol;Ca. 1700;1700;1700;1800-talet;Norge, Hallingdal;;"Bjørk; Furu";Gulmalt bjørk og furu med skåret dekor, tappet;"Bemaling; Tapping; Gjennombrutt utskjæring";;H 76 cm x B 53 cm x D 28 cm;76.0;53.0;28.0;;Møbel;"322.48 (Møbeldesign); 352.1 (Sittemøbler); 322 (Trearbeid)";;Kjøpt 1913;;https://ms01.nasjonalmuseet.no/iiif/tif/07317.tif/full/4000,/0/default.jpg;1;https://digitaltmuseum.org/0210615057622;https://www.nasjonalmuseet.no/samlingen/objekt/OK-08745;;bilete/OK-08745.jpg
137;OK-08803;3bd56f1c-93cf-42af-af64-a22a5f1bfcad;Stol;Stol;1700-tallet;1700;1799;1800-talet;Norge, Hallingdal;Ukjent;"Bjørk; Furu";Bjørk med skåret og bemalt dekor.;"Bemaling; Innfelling; Relieffskjæring; Gjennombrutt utskjæring";;H 72,5 x B 60,5 x D 44 cm;72.5;60.5;44.0;;"Møbel; Kunstindustri";352.1 (Sittemøbler);;Kjøpt 1915;;https://ms01.nasjonalmuseet.no/iiif/tif/07518.tif/full/4000,/0/default.jpg;1;https://digitaltmuseum.org/0210615055542;https://www.nasjonalmuseet.no/samlingen/objekt/OK-08803;;bilete/OK-08803.jpg
10;OK-09691;227bdb37-6c6f-431a-b0aa-eb3fa6b454b7;Armstol;Armstol;Ca. 1700;1700;1700;1800-talet;Norge, Norge;;"Bøk; Eik; Skinn/lær/pergament; Messing";Høyrygget stol med dreid stolpekonstruksjon og gjennombrutte utskjæringer utført i bøk. Sete og rygg trukket i lær.;"Polstring; Dreiing; Relieffskjæring; Gjennombrutt utskjæring; Tapping; Plugging; Beising; Fernissering";;H 124,8 x B 63,5 x D 61 cm;124.8;63.5;61.0;;Møbel;352.1 (Sittemøbler);;"Testamentarisk gave, innkommet 1923";;https://ms01.nasjonalmuseet.no/iiif/tif/35735.tif/full/4000,/0/default.jpg;1;https://digitaltmuseum.org/0210615056808;https://www.nasjonalmuseet.no/samlingen/objekt/OK-09691;;bilete/OK-09691.jpg
14;OK-10862;7a61dbb3-0bbe-440c-915d-6f3fa9e4b7dd;Møblement;"Møblement; Syv stoler";Første halvdel av 1700-tallet;1700;1749;1800-talet;Norge, Norge;;"Bøk; Lær; Messing";Bøk med skåret dekor og lærtrekk;"Polstring; Tapping; innfelling, trenagler; Plugging; Dreiing; Relieffskjæring; Profilering";;H 116 cm;116.0;;;;Møbel;"352.1 (Sittemøbler); 322.48 (Møbeldesign)";;Testamentarisk gave, innkommet 1937;;"https://ms01.nasjonalmuseet.no/iiif/tif/07185.tif/full/4000,/0/default.jpg; https://ms01.nasjonalmuseet.no/iiif/tif/07186.tif/full/4000,/0/default.jpg; https://ms01.nasjonalmuseet.no/iiif/tif/08303.tif/full/4000,/0/default.jpg; https://ms01.nasjonalmuseet.no/iiif/tif/94798.tif/full/4000,/0/default.jpg; https://ms01.nasjonalmuseet.no/iiif/tif/08304.tif/full/4000,/0/default.jpg";5;https://digitaltmuseum.org/0210615054160;https://www.nasjonalmuseet.no/samlingen/objekt/OK-10862;;bilete/OK-10862.jpg
12;OK-10862A;30e7a91e-c2c1-4821-be94-4a08c5182a0c;Stol;Stol;Første halvdel av 1700-tallet;1700;1749;1800-talet;Norge, Norge;;"Bøk; Messing; Lær";Bøk med skåret dekor og lærtrekk;"Relieffskjæring; Profilering; Polstring; Plugging; Tapping; Dreiing";;H 115 x B 50 x D 50 cm;115.0;50.0;50.0;;Møbel;"322.48 (Møbeldesign); 352.1 (Sittemøbler)";;Testamentarisk gave, innkommet 1937;;https://ms01.nasjonalmuseet.no/iiif/tif/07185.tif/full/4000,/0/default.jpg;1;https://digitaltmuseum.org/0210615054462;https://www.nasjonalmuseet.no/samlingen/objekt/OK-10862A;;bilete/OK-10862A.jpg
17;OK-10862E;cb277ebb-6f9f-4ef8-ae67-08b4b4157401;Stol;Stol;Første halvdel av 1700-tallet;1700;1749;1800-talet;Norge, Norge;;"Bøk; Messing; Lær";Bøk med skåret dekor og lærtrekk;"Polstring; Profilering; Relieffskjæring; Plugging; Tapping; Dreiing";;H 115 x B 50 x D 50 cm;115.0;50.0;50.0;;Møbel;"322.48 (Møbeldesign); 352.1 (Sittemøbler)";;Testamentarisk gave, innkommet 1937;;https://ms01.nasjonalmuseet.no/iiif/tif/08304.tif/full/4000,/0/default.jpg;1;https://digitaltmuseum.org/0210615054314;https://www.nasjonalmuseet.no/samlingen/objekt/OK-10862E;;bilete/OK-10862E.jpg
45;OK-10862G;cf8e9443-05bb-48cf-9de3-6bc4aef886cd;Armstol;Armstol;Første halvdel av 1700-tallet;1700;1749;1800-talet;Norge, Norge;;"Bøk; Lær; Messing";Bøk med skåret dekor og lærtrekk;"Polstring; Plugging; Tapping; Dreiing; Relieffskjæring; Profilering; innfelling, trenagler";;H 116,3 cm x B 66 x D 62,5 cm;116.3;66.0;62.5;;Møbel;"352.1 (Sittemøbler); 322.48 (Møbeldesign)";;Testamentarisk gave, innkommet 1937;;https://ms01.nasjonalmuseet.no/iiif/tif/94798.tif/full/4000,/0/default.jpg;1;https://digitaltmuseum.org/0210615053770;https://www.nasjonalmuseet.no/samlingen/objekt/OK-10862G;;bilete/OK-10862G.jpg
132;OK-11527B;643fe945-1277-4ab1-8270-aab1c7783cc6;Stol;Stol;Ca. 1700;1700;1700;1800-talet;Norge, Norge;;"Eik; Lær";Eik med relieffskåret dekor, dels gjennombrutt, gyllenlærstrekk, bemalt, metallnagler;"Gjennombrutt utskjæring; Relieffskjæring; Dreiing; Fernissering; Tapping; Plugging; Polstring; Gyllenlærfremstilling; Liming; Beising";;H 132,5 x B 55 x D 66 cm;132.5;55.0;66.0;;Møbel;"352.1 (Sittemøbler); 322.4 (Møbelfagene); 531.33 (Gyldenlærmaker)";;Testamentarisk gave, innkommet 1946;;"https://ms01.nasjonalmuseet.no/iiif/tif/94809.tif/full/4000,/0/default.jpg; https://ms01.nasjonalmuseet.no/iiif/tif/94808.tif/full/4000,/0/default.jpg";2;https://digitaltmuseum.org/0210615055158;https://www.nasjonalmuseet.no/samlingen/objekt/OK-11527B;;bilete/OK-11527B.jpg
100;OK-11528B;20a3cb55-5574-47a1-82db-bb8ee1e9ced1;Stol;Stol;Ca. 1700;1700;1700;1800-talet;Norge, Norge;;"Bjørk; Kryssfiner; Lær";Bjørk, relieffskåret, dels gjennombrutt dekor, bemalt gyllenlærstrekk (sekundært), metallstifter;"Tapping; Plugging; sprikring; Liming; Polstring; Gjennombrutt utskjæring; Relieffskjæring; Dreiing; Profilering; Voksboning; Beising; Gyllenlærfremstilling";;H 123 cm x B 52 cm x D 55 cm;123.0;52.0;55.0;;Møbel;"352.1 (Sittemøbler); 322.4 (Møbelfagene); 531.33 (Gyldenlærmaker)";;Testamentarisk gave, innkommet 1946;;"https://ms01.nasjonalmuseet.no/iiif/tif/94813.tif/full/4000,/0/default.jpg; https://ms01.nasjonalmuseet.no/iiif/tif/94812.tif/full/4000,/0/default.jpg";2;https://digitaltmuseum.org/0210615055254;https://www.nasjonalmuseet.no/samlingen/objekt/OK-11528B;;bilete/OK-11528B.jpg
32;OK-11529A;40eb3ec7-527f-4cf0-bada-87615087db0b;Stol;Stol;Ca. 1700;1700;1700;1800-talet;Norge, Norge;;"Lær; Eik; Bjørk";Eik med relieff- og gjennombrutt utskjæring, gyllenlærstrekk;"Polstring; Gjennombrutt utskjæring; Relieffskjæring; Dreiing; Profilering; Gyllenlærfremstilling; Plugging; Tapping; Beising";;H 136 cm x B 56,5 cm x D 57 cm;136.0;56.5;57.0;;Møbel;"352.1 (Sittemøbler); 531.33 (Gyldenlærmaker)";;Gave 1946;;"https://ms01.nasjonalmuseet.no/iiif/tif/94815.tif/full/4000,/0/default.jpg; https://ms01.nasjonalmuseet.no/iiif/tif/94814.tif/full/4000,/0/default.jpg";2;https://digitaltmuseum.org/0210615045172;https://www.nasjonalmuseet.no/samlingen/objekt/OK-11529A;;bilete/OK-11529A.jpg
28;OK-11529B;dfc2cb3d-44cb-4f9a-8c92-803e25fa30a7;Stol;"Stol; To stoler";Ca. 1700;1700;1700;1800-talet;Norge, Norge;;"Lær; Bjørk; Eik";Eik med relieff- og gjennombrutt utskjæring, gyllenlærstrekk;"Tapping; Plugging; Polstring; Gyllenlærfremstilling; Gjennombrutt utskjæring; Relieffskjæring; Dreiing; Fernissering; Beising";;H 136,5 cm x B 55 cm x D 57 cm;136.5;55.0;57.0;;Møbel;"352.1 (Sittemøbler); 531.33 (Gyldenlærmaker)";;Gave 1946;;"https://ms01.nasjonalmuseet.no/iiif/tif/94817.tif/full/4000,/0/default.jpg; https://ms01.nasjonalmuseet.no/iiif/tif/94816.tif/full/4000,/0/default.jpg";2;https://digitaltmuseum.org/0210615045488;https://www.nasjonalmuseet.no/samlingen/objekt/OK-11529B;;bilete/OK-11529B.jpg
173;OK-11796;c2c1ea6c-2274-4c6e-b1d7-d5cf14393dae;Stol;Stol;Ca. 1700;1700;1700;1800-talet;Norge, Norge;;"Ull; Bøk; Bomull; Furu";Malt og bronsert bøk med skåret og dreid dekor og trekk i petit point;"Bronsering; Bemaling; Gjennombrutt utskjæring; Relieffskjæring; Figurskjæring; Tapping; Plugging; Dreiing; Polstring; Billedvev";;H 104,5 x B 50 x D 47 cm;104.5;50.0;47.0;;Møbel;"352.1 (Sittemøbler); 322.4 (Møbelfagene); 531.41 (Treskjæring); 286.8 (Søm og broderi)";;Gave 1948;;"https://ms01.nasjonalmuseet.no/iiif/tif/94818.tif/full/4000,/0/default.jpg; https://ms01.nasjonalmuseet.no/iiif/tif/32296.tif/full/4000,/0/default.jpg";2;https://digitaltmuseum.org/0210615054444;https://www.nasjonalmuseet.no/samlingen/objekt/OK-11796;;bilete/OK-11796.jpg
172;OK-11796B;ef3226ac-5c18-4d2f-b4ec-987cd1213054;Stolsete;Stolsete;Ca. 1700;1700;1700;1800-talet;Norge, Norge;;"Ull; Bomull; Furu";Seteramme av furu, polstret og trukket med ull i petit point;"Polstring; Innfelling; Billedvev";;H 13 x B 46 x D 37 cm;13.0;46.0;37.0;;Møbel;"352.1 (Sittemøbler); 286.86 (Broderi, tellesøm)";;Gave 1948;;https://ms01.nasjonalmuseet.no/iiif/tif/94818.tif/full/4000,/0/default.jpg;1;https://digitaltmuseum.org/0210615054916;https://www.nasjonalmuseet.no/samlingen/objekt/OK-11796B;;bilete/OK-11796B.jpg
133;OK-13680;4c3636f9-eb0a-43d5-947c-a34568fd7252;Armstol;"Armstol; Armstol";Ca. 1700;1700;1700;1800-talet;Norge, Norge;;Bjørk;Bjørk, skåret, dreid, polert og beiset, stoppet sete og rygg trukket med fløyelsstoff, naglet;"Beising; Fernissering; Treskjæring; Dreiing";;H 118,7 x B 78 x D 71 cm;118.7;78.0;71.0;;Møbel;"352.1 (Sittemøbler); 322 (Trearbeid); 322.4 (Møbelfagene)";;Testamentarisk gave, innkommet 1954;;"https://ms01.nasjonalmuseet.no/iiif/tif/OK-13680.tif/full/4000,/0/default.jpg; https://ms01.nasjonalmuseet.no/iiif/tif/OK-13680%2001.tif/full/4000,/0/default.jpg; https://ms01.nasjonalmuseet.no/iiif/tif/OK-13680%2002.tif/full/4000,/0/default.jpg; https://ms01.nasjonalmuseet.no/iiif/tif/OK-13680%2003.tif/full/4000,/0/default.jpg; https://ms01.nasjonalmuseet.no/iiif/tif/OK-13680%2004.tif/full/4000,/0/default.jpg; https://ms01.nasjonalmuseet.no/iiif/tif/OK-13680.tif/full/4000,/0/default.jpg; https://ms01.nasjonalmuseet.no/iiif/tif/OK-13680%2001.tif/full/4000,/0/default.jpg; https://ms01.nasjonalmuseet.no/iiif/tif/OK-13680%2002.tif/full/4000,/0/default.jpg; https://ms01.nasjonalmuseet.no/iiif/tif/OK-13680%2003.tif/full/4000,/0/default.jpg; https://ms01.nasjonalmuseet.no/iiif/tif/OK-13680%2004.tif/full/4000,/0/default.jpg";10;https://digitaltmuseum.org/0210615056146;https://www.nasjonalmuseet.no/samlingen/objekt/OK-13680;;bilete/OK-13680.jpg
9;OK-18399;6fd2ba60-e734-47cc-af9d-ed372e188cb1;Stol;Stol;Ca. 1700;1700;1700;1800-talet;Norge, Norge;;"Bøk; Furu; Messing";Skåret og dreiet bøk, dels gjennombrutt dekor, stoppet sete trukket med fløyel;"Beising; Fernissering; Polstring; Dreiing; Relieffskjæring; Gjennombrutt utskjæring";;H 137 x B 53 x D 53 cm;137.0;53.0;53.0;;Møbel;"352.1 (Sittemøbler); 531.41 (Treskjæring)";;Innkommet før 2009;;https://ms01.nasjonalmuseet.no/iiif/tif/32588.tif/full/4000,/0/default.jpg;1;https://digitaltmuseum.org/0210615733386;https://www.nasjonalmuseet.no/samlingen/objekt/OK-18399;;bilete/OK-18399.jpg
91;OK-18471;789da29f-fc2f-41b5-b79e-5e7e3f3dc312;Møblement;"Møblement; To stoler";Mellom 1700 og 1740;1700;1740;1800-talet;Norge, Norge;Ukjent;"Bøk; Skinn/lær/pergament";Utskåret tre og skinn;"Polstring; Tapping; innfelling, trenagler; Relieffskjæring; Gjennombrutt utskjæring; Dreiing; Fernissering";;se underposter;;;;;"Møbel; Kunstindustri";"322 (Trearbeid); 352.1 (Sittemøbler); 531.41 (Treskjæring); 531.46 (Møbelkunst)";;Tidligere innkommet;;"https://ms01.nasjonalmuseet.no/iiif/tif/131137.tif/full/4000,/0/default.jpg; https://ms01.nasjonalmuseet.no/iiif/tif/131138.tif/full/4000,/0/default.jpg";2;https://digitaltmuseum.org/0210615058950;https://www.nasjonalmuseet.no/samlingen/objekt/OK-18471;;bilete/OK-18471.jpg
102;OK-18471A;35685a52-7bf2-46a4-8d24-cd6ae4bd9031;Stol;Stol;Mellom 1700 og 1740;1700;1740;1800-talet;Norge, Norge;Ukjent;"Bøk; Skinn/lær/pergament";Utskåret tre og skinn;"Polstring; Tapping; innfelling, trenagler; Gjennombrutt utskjæring; Relieffskjæring; Dreiing; Fernissering; Profilering";;H 117,8 x B x 49 x D 49,5 cm ;117.8;;49.5;;"Møbel; Kunstindustri";"322 (Trearbeid); 352.1 (Sittemøbler); 531.41 (Treskjæring); 531.46 (Møbelkunst)";;Tidligere innkommet;;"https://ms01.nasjonalmuseet.no/iiif/tif/101878.tif/full/4000,/0/default.jpg; https://ms01.nasjonalmuseet.no/iiif/tif/101877.tif/full/4000,/0/default.jpg";2;https://digitaltmuseum.org/0210615059762;https://www.nasjonalmuseet.no/samlingen/objekt/OK-18471A;;bilete/OK-18471A.jpg
103;OK-18471B;5e4c516e-6d62-4688-9d8c-299ab2b8bed6;Stol;Stol;Mellom 1700 og 1740;1700;1740;1800-talet;Norge, Norge;Ukjent;"Bøk; Skinn/lær/pergament";Utskåret tre og skinn;"Polstring; Tapping; innfelling, trenagler; Relieffskjæring; Gjennombrutt utskjæring; Dreiing; Fernissering";;H 117, 5 x B 49,5 x D 50 cm;117.0;49.5;50.0;;"Møbel; Kunstindustri";"322 (Trearbeid); 352.1 (Sittemøbler); 531.41 (Treskjæring); 531.46 (Møbelkunst)";;Tidligere innkommet;;"https://ms01.nasjonalmuseet.no/iiif/tif/101880.tif/full/4000,/0/default.jpg; https://ms01.nasjonalmuseet.no/iiif/tif/101879.tif/full/4000,/0/default.jpg";2;https://digitaltmuseum.org/0210615059766;https://www.nasjonalmuseet.no/samlingen/objekt/OK-18471B;;bilete/OK-18471B.jpg
44;OK-11435;5f8c898c-2c54-40f0-8abc-5daa4d318ee2;Armstol;Armstol;Ca. 1730;1725;1735;1800-talet;Norge, Norge;Uidentifisert kunstner;"Bøk; Messing; Tekstil, fløyel";Rødmalt armstol i bøk, med forgylte utskjæringer på rygg og toppstykke, armlenestøtter, og ben. Sete trukket i fløyel.;"Bemaling; Forgylling; Polstring; Tapping; Plugging; Relieffskjæring; Figurskjæring";;H 102 x B 68,5 x D 69 cm;102.0;68.5;69.0;;"Møbel; Kunstindustri";"352.1 (Sittemøbler); 322.41 (Møbelsnekring); 531.46 (Møbelkunst)";;Gave 1944;;"https://ms01.nasjonalmuseet.no/iiif/tif/OK-11435.tif/full/4000,/0/default.jpg; https://ms01.nasjonalmuseet.no/iiif/tif/OK-11435.tif/full/4000,/0/default.jpg";2;https://digitaltmuseum.org/0210615053860;https://www.nasjonalmuseet.no/samlingen/objekt/OK-11435;;bilete/OK-11435.jpg
49;OK-08607A;89090783-a8e1-494b-815e-d52e737f3efd;Stol;Stol;Midten av 1700-tallet;1730;1769;1800-talet;Norge, Norge;Uidentifisert kunstner;"Bjørk; Furu; Ull; Bomull";Beiset bjørk med skåret dekor, stoltrekk av bomullspiqué håndbrodert med ulltråd ;"Beising; Tapping; Plugging; Polstring; Fernissering; Brodering; Treskjæring; Relieffskjæring";;H 106,5 x B 52 x D 48 cm;106.5;52.0;48.0;;Møbel;352.1 (Sittemøbler);;Gave 1912;;"https://ms01.nasjonalmuseet.no/iiif/tif/93138.tif/full/4000,/0/default.jpg; https://ms01.nasjonalmuseet.no/iiif/tif/93137.tif/full/4000,/0/default.jpg";2;https://digitaltmuseum.org/0210615053940;https://www.nasjonalmuseet.no/samlingen/objekt/OK-08607A;;bilete/OK-08607A.jpg
5;OK-08607B;2f5c5497-e49f-4c16-bc10-8a7e07958aa0;Stol;"Stol; Stol med løst sete";Midten av 1700-tallet;1730;1769;1800-talet;Norge, Norge;Uidentifisert kunstner;"Bjørk; Furu; Bomull; Ull";Beiset bjørk med skåret dekor, stoltrekk av bomullspiqué håndbrodert med ulltråd ;"Beising; Treskjæring; Polstring; Brodering; Tapping; Plugging; Relieffskjæring; Fernissering";;H 105,5 x B 52 x D 48 cm;105.5;52.0;48.0;;Møbel;"322.48 (Møbeldesign); 352.1 (Sittemøbler)";;Gave 1912;;"https://ms01.nasjonalmuseet.no/iiif/tif/OK-08607B.tif/full/4000,/0/default.jpg; https://ms01.nasjonalmuseet.no/iiif/tif/07427.tif/full/4000,/0/default.jpg; https://ms01.nasjonalmuseet.no/iiif/tif/OK-08607B.tif/full/4000,/0/default.jpg";3;https://digitaltmuseum.org/0210615055862;https://www.nasjonalmuseet.no/samlingen/objekt/OK-08607B;;bilete/OK-08607B.jpg
181;OK-09695;ea0ceacd-6322-4555-b153-763cc5f28603;Armstol;"Armstol; Stol med løs setepute";Mellom 1730 og 1760;1730;1760;1800-talet;Norge, Norge;;"Bøk; Tekstil, plysj";Beiset og fernissert bøk med utskjæringer. Sete trukket i plysj.;"Beising; Tapping; Plugging; Polstring; Grading; Fernissering; Relieffskjæring";;H 100 x B 69 x D 56 cm;100.0;69.0;56.0;;Møbel;352.1 (Sittemøbler);;"Testamentarisk gave, innkommet 1923";;https://ms01.nasjonalmuseet.no/iiif/tif/37744.tif/full/4000,/0/default.jpg;1;https://digitaltmuseum.org/0210615055302;https://www.nasjonalmuseet.no/samlingen/objekt/OK-09695;;bilete/OK-09695.jpg
118;OK-09696;0b4b3da1-c069-4849-90d5-e88f9d1450eb;Møblement;"Møblement; To stoler";Midten av 1700-tallet;1730;1760;1800-talet;Norge, Norge;Uidentifisert produsent;"Bøk; Tekstil";Beiset bøk med skåret dekor og trekk i brodert ullpique;Beising;;H 102,5 x B 51 x D 37,5 cm (stol A), H 104 x B 51 x D 36,5 cm (stol B);102.5;51.0;37.5;;"Møbel; Kunstindustri";"352.1 (Sittemøbler); 322.4 (Møbelfagene); 322 (Trearbeid)";;Gave 1923;;"https://ms01.nasjonalmuseet.no/iiif/tif/157946.tif/full/4000,/0/default.jpg; https://ms01.nasjonalmuseet.no/iiif/tif/07177.tif/full/4000,/0/default.jpg";2;https://digitaltmuseum.org/0210615054332;https://www.nasjonalmuseet.no/samlingen/objekt/OK-09696;;bilete/OK-09696.jpg
183;OK-09696A;6a996a08-3836-4846-b0be-3c4e5fc7c2c4;Stol;"Stol; Stol med løst sete";Midten av 1700-tallet;1730;1769;1800-talet;Norge, Norge;Uidentifisert produsent;"Bøk; Tekstil; Furu";Beiset bøk med skåret dekor og trekk i brodert ullpique;"Beising; Relieffskjæring; Treskjæring; Tapping; Polstring; Brodering";;H 102,5 x B 51 x D 37,5 cm;102.5;51.0;37.5;;"Møbel; Kunstindustri";"352.1 (Sittemøbler); 322.41 (Møbelsnekring)";;Gave1923;;https://ms01.nasjonalmuseet.no/iiif/tif/157947.tif/full/4000,/0/default.jpg;1;https://digitaltmuseum.org/0210615057412;https://www.nasjonalmuseet.no/samlingen/objekt/OK-09696A;;bilete/OK-09696A.jpg
131;OK-09696A-1;ea6e036e-3982-4244-926e-f78c4a0f1686;Stolramme;Stolramme;Midten av 1700-tallet;1730;1769;1800-talet;Norge, Norge;Uidentifisert produsent;Bøk;Beiset bøk med skåret dekor;"Tapping; Relieffskjæring; Treskjæring; Beising";;H 102,5 x B 51 x D 37,5 cm;102.5;51.0;37.5;;"Møbel; Kunstindustri";"352.1 (Sittemøbler); 322.41 (Møbelsnekring)";;Gave 1923;;https://ms01.nasjonalmuseet.no/iiif/tif/157948.tif/full/4000,/0/default.jpg;1;https://digitaltmuseum.org/0210615056094;https://www.nasjonalmuseet.no/samlingen/objekt/OK-09696A-1;;bilete/OK-09696A-1.jpg
38;OK-09696A-2;37a438ea-94cc-4264-bf78-1788ea605eeb;Stolsete;Stolsete;Midten av 1700-tallet;1730;1769;1800-talet;Norge, Norge;Uidentifisert kunstner;"Tekstil; Furu; Bøk";Polstret tre med brodert trekk;"Tapping; Polstring; Brodering";;H 7 x B 47 x D 37,5 cm;7.0;47.0;37.5;;Møbel;"352.1 (Sittemøbler); 531.23 (Broderi)";;Gave 1923;;https://ms01.nasjonalmuseet.no/iiif/tif/157950.tif/full/4000,/0/default.jpg;1;https://digitaltmuseum.org/0210615052820;https://www.nasjonalmuseet.no/samlingen/objekt/OK-09696A-2;;bilete/OK-09696A-2.jpg
184;OK-09696B;9010b4ac-3fe7-4503-8a34-63a469afa91f;Stol;"Stol; Stol med løst sete";Midten av 1700-tallet;1730;1760;1800-talet;Norge, Norge;Uidentifisert produsent;"Bøk; Ull";Beiset bøk med skåret dekor og trekk i brodert ullpique;"Beising; Polstring; Relieffskjæring; Treskjæring; Brodering";;H 104 x B 51 x D 36,5 cm ;104.0;51.0;36.5;;"Møbel; Kunstindustri";"322.48 (Møbeldesign); 352.1 (Sittemøbler)";;Gave1923;;https://ms01.nasjonalmuseet.no/iiif/tif/07177.tif/full/4000,/0/default.jpg;1;https://digitaltmuseum.org/0210615054018;https://www.nasjonalmuseet.no/samlingen/objekt/OK-09696B;;bilete/OK-09696B.jpg
125;OK-17046;f6d24370-6fd8-4aa8-89ab-fbdf373e2a54;Stol;"Stol; Stol og sete";Midten av 1700-tallet;1730;1769;1800-talet;Norge, Norge;;"Bjørk; Bomull";Beiset og fernissert bjørk med skåret dekor og brodert bomullstrekk.;"Beising; Fernissering; Relieffskjæring; Treskjæring; Polstring; Brodering";;H 104,5 cm x B 51 x D 48 cm;104.5;51.0;48.0;;Møbel;"322.48 (Møbeldesign); 352.1 (Sittemøbler)";;Ervervet 1964;;https://ms01.nasjonalmuseet.no/iiif/tif/07462.tif/full/4000,/0/default.jpg;1;https://digitaltmuseum.org/0210615060306;https://www.nasjonalmuseet.no/samlingen/objekt/OK-17046;;bilete/OK-17046.jpg
60;OK-05544;6b1eb6b0-5011-47bc-863a-bf4cf7e4fc76;Armstol;Armstol;Siste halvdel av 1700-tallet;1750;1799;1800-talet;Norge, Norge;;"Bjørk; Silke";Skåret bjørk, krittgrundert og forgylt, polstret sete og rygg trukket med silkefløyel med skåret mønster;"Forgylling; Lavt relieff; Polstring; Krittgrundering";;H 88,5 x B 61 x D 53 cm;88.5;61.0;53.0;;Møbel;"322.48 (Møbeldesign); 352.1 (Sittemøbler)";;Kjøpt 1897;;"https://ms01.nasjonalmuseet.no/iiif/tif/07378.tif/full/4000,/0/default.jpg; https://ms01.nasjonalmuseet.no/iiif/tif/07379.tif/full/4000,/0/default.jpg";2;https://digitaltmuseum.org/0210615052894;https://www.nasjonalmuseet.no/samlingen/objekt/OK-05544;;bilete/OK-05544.jpg
24;OK-06616;d3add2e7-615b-4c59-b593-4968669812d6;Stol;"Stol; Stolramme med løst sete";Siste halvdel av 1700-tallet;1750;1799;1800-talet;Norge, Norge;Uidentifisert kunstner;"Bøk; Hestetagl; Furu; Vegetabilske fibre";Beiset bøk og furu med hestehårstrekk;"Polstring; Tapping; Grading; Dreiing; Profilering; Lakkering; Beising; Kannelyre; Ornamentskjæring";;H 95 x B 55 x D 51 cm;95.0;55.0;51.0;;"Møbel; Kunstindustri";"352.1 (Sittemøbler); 322.41 (Møbelsnekring); 531.46 (Møbelkunst)";;Kjøpt 1902;;https://ms01.nasjonalmuseet.no/iiif/tif/93136.tif/full/4000,/0/default.jpg;1;https://digitaltmuseum.org/0210615050852;https://www.nasjonalmuseet.no/samlingen/objekt/OK-06616;;bilete/OK-06616.jpg
3;OK-10859B;06b5ddb4-e097-4782-a572-1f8671417ee0;Stol;Stol;1750-1799;1750;1800;1800-talet;Norge, Norge;;;Skåret bøk, stoppet sete og rygg trukket med silkedamask;"Forgylling; Polstring; Treskjæring; Profilering; Forgylling";;H 85 cm x B 63 cm x D 55 cm;85.0;63.0;55.0;;Møbel;352.1 (Sittemøbler);;Testamentarisk gave, innkommet 1937;;"https://ms01.nasjonalmuseet.no/iiif/tif/OK-10859B%2020241023.tif/full/4000,/0/default.jpg; https://ms01.nasjonalmuseet.no/iiif/tif/OK-10859B%2020241023%2002.tif/full/4000,/0/default.jpg; https://ms01.nasjonalmuseet.no/iiif/tif/OK-10859B%2020241023%2003.tif/full/4000,/0/default.jpg; https://ms01.nasjonalmuseet.no/iiif/tif/OK-10859B%2020241023%2004.tif/full/4000,/0/default.jpg; https://ms01.nasjonalmuseet.no/iiif/tif/OK-10859B%2020241023%2005.tif/full/4000,/0/default.jpg";5;https://digitaltmuseum.org/0210615045266;https://www.nasjonalmuseet.no/samlingen/objekt/OK-10859B;;bilete/OK-10859B.jpg
119;OK-10860;4ed1a81e-cefe-49d7-8a50-89369a98e706;Armstol;Armstol;Siste halvdel av 1700-tallet;1750;1799;1800-talet;Norge, Norge;;"Bøk; Plysj; Ull; Messing; Tekstil";Beiset og fernissert bøk, ull i petit point;"Beising; Relieffskjæring; Figurskjæring; Profilering; Fernissering; Polstring; Tapping; innfelling, trenagler; Spikring; Veving; Petit point";;H 93,5 x B 59 x D 53 cm;93.5;59.0;53.0;;Møbel;"352.1 (Sittemøbler); 322.4 (Møbelfagene); 286.8 (Søm og broderi)";;Testamentarisk gave, innkommet 1937;;https://ms01.nasjonalmuseet.no/iiif/tif/94797.tif/full/4000,/0/default.jpg;1;https://digitaltmuseum.org/0210615054384;https://www.nasjonalmuseet.no/samlingen/objekt/OK-10860;;bilete/OK-10860.jpg
185;OK-11579;3553a656-c84b-48ed-9963-6ee4af66cd03;Stol;Stol;Ca. 1750;1750;1750;1800-talet;Norge, Norge;;"Bjørk; Lær";Beiset bjørk med skåret og dreid dekor og gyllenlærstrekk.;"Beising; Gyllenlærfremstilling; Polstring; Relieffskjæring; Treskjæring; Dreiing";;H 103 x B 46,5 x D 35 cm;103.0;46.5;35.0;;Møbel;"322.48 (Møbeldesign); 352.1 (Sittemøbler)";;Testamentarisk gave, innkommet 1946;;https://ms01.nasjonalmuseet.no/iiif/tif/07191.tif/full/4000,/0/default.jpg;1;https://digitaltmuseum.org/0210615056874;https://www.nasjonalmuseet.no/samlingen/objekt/OK-11579;;bilete/OK-11579.jpg
127;OK-1966-0125;81443c78-e623-4781-92c6-40e3e632ecbe;Krakk;"Krakk; Understell til jernovn; Pianokrakk; Ovnsdeler";1750-1790;1750;1790;1800-talet;Norge, Norge;Ukjent;"Eik; Furu; Tekstil, plysj";Beiset og fernissert eik med skåret dekor, plysjtrekk.;"Beising; Fernissering; Treskjæring; Gjennombrutt utskjæring; Polstring";;H 46 x L 80 x D 48 cm;46.0;;48.0;;Møbel;352.1 (Sittemøbler);;Testamentarisk gave, innkommet 1966;;https://ms01.nasjonalmuseet.no/iiif/tif/07688.tif/full/4000,/0/default.jpg;1;https://digitaltmuseum.org/0210615062092;https://www.nasjonalmuseet.no/samlingen/objekt/OK-1966-0125;;bilete/OK-1966-0125.jpg
112;OK-1986-0074;89e0288d-000b-4f23-b6c7-e5115a402a7d;Armstol;"Armstol; Rokokkostol i bøk";1750-tallet;1750;1759;1800-talet;Norge, Trøndelag;Ukjent;"Bøk; Metall; Silke";Armstol i bøk med avrundede ledd, gjennombrutt ryggstykke og relieffskjæringer, sekundært trukket med mønsterskåret fløyel;"Tapping; Plugging; Polstring; Relieffskjæring; Beising; Fernissering; Skåret fløyel";;H 100 x B 60 x D 54 cm;100.0;60.0;54.0;;Møbel;"322 (Trearbeid); 322.48 (Møbeldesign); 352.1 (Sittemøbler); 353 (Innredning og interiørdekorasjon)";;Kjøpt 1986;;https://ms01.nasjonalmuseet.no/iiif/tif/38131.tif/full/4000,/0/default.jpg;1;https://digitaltmuseum.org/0210615063084;https://www.nasjonalmuseet.no/samlingen/objekt/OK-1986-0074;;bilete/OK-1986-0074.jpg
171;OK-07282;54c66774-356d-4953-9ab4-0d045db8bc96;Stol;Stol;Slutten av 1700-tallet;1770;1799;1800-talet;Norge, Norge;;"Bjørk; Alm; Hestetagl; Gran";Beiset bjørk og alm med skåret dekor, hestehårstrekk.;"Beising; Polstring; Profilering; Ornamentskjæring; Gjennombrutt utskjæring; Relieffskjæring; Innfelling; Fernissering";;H 90 x B 47,5 x D 38 cm;90.0;47.5;38.0;;Møbel;"322.48 (Møbeldesign); 352.1 (Sittemøbler)";;Kjøpt 1912;;https://ms01.nasjonalmuseet.no/iiif/tif/07160.tif/full/4000,/0/default.jpg;1;https://digitaltmuseum.org/0210615053718;https://www.nasjonalmuseet.no/samlingen/objekt/OK-07282;;bilete/OK-07282.jpg
176;OK-07283;6a161750-796a-4535-bee4-a2493f2ac346;Stol;Stol;Slutten av 1700-tallet;1770;1799;1800-talet;Norge, Norge;;"Bøk; Hestetagl";Beiset og fernissert bøk med skåret dekor, polstret sete med hestehårstrekk;"Beising; Fernissering; Polstring; Profilering; Relieffskjæring; Gjennombrutt utskjæring; Tapping";;H 98 x B 51 x D 40 cm;98.0;51.0;40.0;;Møbel;"322.48 (Møbeldesign); 352.1 (Sittemøbler)";;Kjøpt 1912;;https://ms01.nasjonalmuseet.no/iiif/tif/07262.tif/full/4000,/0/default.jpg;1;https://digitaltmuseum.org/0210615051578;https://www.nasjonalmuseet.no/samlingen/objekt/OK-07283;;bilete/OK-07283.jpg
135;OK-10263A;25fafa01-2d66-4b09-a81f-9af2253946e1;Lenestol;"Lenestol; Lenestol med løst sete og rygg; Wøyen-stolen";Ca. 1780;1775;1785;1800-talet;Norge, Norge;Uidentifisert kunstner;"Or; Ull; Lin; Silke";Forgylt og fernissert or med skåret dekor, ull- og silkebroderi i gros- og petit point;"Forgylling; Fernissering; Polstring; Treskjæring; Tapping";;H 93 x B 63 x D 47,5 cm;93.0;63.0;47.5;;Møbel;"352.1 (Sittemøbler); 286.8 (Søm og broderi); 322.4 (Møbelfagene)";;Gave 1929;;https://ms01.nasjonalmuseet.no/iiif/tif/07566.tif/full/4000,/0/default.jpg;1;https://digitaltmuseum.org/0210615056174;https://www.nasjonalmuseet.no/samlingen/objekt/OK-10263A;;bilete/OK-10263A.jpg
18;OK-10263B;c1c1ca4c-b77d-4c91-a261-cc00e35990cf;Lenestol;"Lenestol; Wøyen-stolen";Mellom 1775 og 1785;1775;1785;1800-talet;Norge, Norge;Uidentifisert kunstner;"Or; Jern; Ull; Silke; Lin";Forgylt og fernissert or med skåret dekor, ull- og silkebroderi i gros- og petit point;"Forgylling; Polstring; Tapping; Treskjæring; Plugging; Fernissering; Petit point; Brodering";;H 93,5 x B 71 x D 59 cm;93.5;71.0;59.0;;Møbel;"352.1 (Sittemøbler); 286.8 (Søm og broderi); 322.4 (Møbelfagene)";;"Gave 1929";;https://ms01.nasjonalmuseet.no/iiif/tif/36785.tif/full/4000,/0/default.jpg;1;https://digitaltmuseum.org/0210615054802;https://www.nasjonalmuseet.no/samlingen/objekt/OK-10263B;;bilete/OK-10263B.jpg
105;OK-1966-0114;65d23581-24a7-4cbc-b2b9-f619d6b3f969;Stol;Stol;1775-1799;1775;1799;1800-talet;Norge, Norge;;"Bøk; Tekstil, fløyel";Dreid og skåret bøk, polstret sete trukket med ullstoff;"Profilering; Treskjæring; Polstring; Bemaling";;H 99 x B 49 x D 54 cm;99.0;49.0;54.0;;Møbel;"352.1 (Sittemøbler); 322.48 (Møbeldesign)";;Testamentarisk gave, innkommet 1966;;"https://ms01.nasjonalmuseet.no/iiif/tif/OK-1966-0114%2020240516.tif/full/4000,/0/default.jpg; https://ms01.nasjonalmuseet.no/iiif/tif/82857.tif/full/4000,/0/default.jpg; https://ms01.nasjonalmuseet.no/iiif/tif/OK-1966-0114%2020240516%2002.tif/full/4000,/0/default.jpg; https://ms01.nasjonalmuseet.no/iiif/tif/OK-1966-0114%2020240516%2003.tif/full/4000,/0/default.jpg; https://ms01.nasjonalmuseet.no/iiif/tif/OK-1966-0114%2020240516%2004.tif/full/4000,/0/default.jpg; https://ms01.nasjonalmuseet.no/iiif/tif/OK-1966-0114%2020240516%2005.tif/full/4000,/0/default.jpg; https://ms01.nasjonalmuseet.no/iiif/tif/OK-1966-0114%2020240516%2006.tif/full/4000,/0/default.jpg; https://ms01.nasjonalmuseet.no/iiif/tif/OK-1966-0114%2020240516.tif/full/4000,/0/default.jpg; https://ms01.nasjonalmuseet.no/iiif/tif/OK-1966-0114%2020240516%2002.tif/full/4000,/0/default.jpg; https://ms01.nasjonalmuseet.no/iiif/tif/OK-1966-0114%2020240516%2003.tif/full/4000,/0/default.jpg; https://ms01.nasjonalmuseet.no/iiif/tif/OK-1966-0114%2020240516%2004.tif/full/4000,/0/default.jpg; https://ms01.nasjonalmuseet.no/iiif/tif/OK-1966-0114%2020240516%2005.tif/full/4000,/0/default.jpg; https://ms01.nasjonalmuseet.no/iiif/tif/OK-1966-0114%2020240516%2006.tif/full/4000,/0/default.jpg";13;https://digitaltmuseum.org/0210615060574;https://www.nasjonalmuseet.no/samlingen/objekt/OK-1966-0114;;bilete/OK-1966-0114.jpg
128;OK-1966-0115C;8cf3e133-1e93-4a99-af62-07312ce85cac;Armstol;"Armstol; Armstol med løst sete";Slutten av 1700-tallet;1775;1799;1800-talet;Norge, Norge;Ukjent;"Bøk; Furu; Tekstil";Malt armstol i bøk med relieffskjæring og profilerte kanter, og stoppet sete.;"Tapping; Polstring; Bemaling; Profilering; Treskjæring";;H 93 x B 61,5 x D 61,5 cm;93.0;61.5;61.5;;Møbel;352.1 (Sittemøbler);;Testamentarisk gave, innkommet 1966;;"https://ms01.nasjonalmuseet.no/iiif/tif/OK-1966-0115C%2020240516.tif/full/4000,/0/default.jpg; https://ms01.nasjonalmuseet.no/iiif/tif/36727.tif/full/4000,/0/default.jpg; https://ms01.nasjonalmuseet.no/iiif/tif/OK-1966-0115C%2020240516%2002.tif/full/4000,/0/default.jpg; https://ms01.nasjonalmuseet.no/iiif/tif/OK-1966-0115C%2020240516%2003.tif/full/4000,/0/default.jpg; https://ms01.nasjonalmuseet.no/iiif/tif/OK-1966-0115C%2020240516%2004.tif/full/4000,/0/default.jpg; https://ms01.nasjonalmuseet.no/iiif/tif/OK-1966-0115C%2020240516%2005.tif/full/4000,/0/default.jpg; https://ms01.nasjonalmuseet.no/iiif/tif/OK-1966-0115C%2020240516%2006.tif/full/4000,/0/default.jpg; https://ms01.nasjonalmuseet.no/iiif/tif/OK-1966-0115C%2020240516%2007.tif/full/4000,/0/default.jpg; https://ms01.nasjonalmuseet.no/iiif/tif/OK-1966-0115C%2020240516.tif/full/4000,/0/default.jpg; https://ms01.nasjonalmuseet.no/iiif/tif/OK-1966-0115C%2020240516%2002.tif/full/4000,/0/default.jpg; https://ms01.nasjonalmuseet.no/iiif/tif/OK-1966-0115C%2020240516%2003.tif/full/4000,/0/default.jpg; https://ms01.nasjonalmuseet.no/iiif/tif/OK-1966-0115C%2020240516%2004.tif/full/4000,/0/default.jpg; https://ms01.nasjonalmuseet.no/iiif/tif/OK-1966-0115C%2020240516%2005.tif/full/4000,/0/default.jpg; https://ms01.nasjonalmuseet.no/iiif/tif/OK-1966-0115C%2020240516%2006.tif/full/4000,/0/default.jpg; https://ms01.nasjonalmuseet.no/iiif/tif/OK-1966-0115C%2020240516%2007.tif/full/4000,/0/default.jpg";15;https://digitaltmuseum.org/0210615062164;https://www.nasjonalmuseet.no/samlingen/objekt/OK-1966-0115C;;bilete/OK-1966-0115C.jpg
122;OK-10263;d801865c-83f8-4895-a294-5c52cf761962;Møblement;"Møblement; To stoler; Wøyen-stolen";Ca. 1780;1780;1780;1800-talet;Norge, Norge;Uidentifisert kunstner;"Or; Lin; Ull; Silke";Forgylt og fernissert or med skåret dekor, ull- og silkebroderi i gros- og petit point;"Forgylling; Fernissering";;Se underposter;;;;;"Møbel; Kunstindustri";"352.1 (Sittemøbler); 286.8 (Søm og broderi); 322.4 (Møbelfagene)";;Gave 1929;;"https://ms01.nasjonalmuseet.no/iiif/tif/36785.tif/full/4000,/0/default.jpg; https://ms01.nasjonalmuseet.no/iiif/tif/07566.tif/full/4000,/0/default.jpg";2;https://digitaltmuseum.org/0210615056102;https://www.nasjonalmuseet.no/samlingen/objekt/OK-10263;;bilete/OK-10263.jpg
47;OK-12556;e1002370-7e68-472c-97d3-3a92cb46f9f2;Kanapé;Kanapé;Ca. 1780;1780;1780;1800-talet;Norge, Norge;;"Bjørk; Silke";Bjørk med skåret dekor, trekk i brosjert silkestoff;"Innfelling; Relieffskjæring; Polstring; Profilering";;H 95 x L 155 x D 56 cm;95.0;;56.0;;Møbel;"352.1 (Sittemøbler); 322.48 (Møbeldesign)";;Gave 1952;;https://ms01.nasjonalmuseet.no/iiif/tif/07711.tif/full/4000,/0/default.jpg;1;https://digitaltmuseum.org/0210615054026;https://www.nasjonalmuseet.no/samlingen/objekt/OK-12556;;bilete/OK-12556.jpg
134;OK-09415;24944aff-9344-4c94-8dd0-310fea3fc816;Møblement;"Møblement; Fem stoler";Ca. 1800;1800;1800;1900-talet;Norge, Norge;;"Bjørk; Silke; Furu; Bomull";Profilert, relieffskåret og brunbeiset bjerk, polstret sete trukket med silkestoff;"Beising; Tapping; Polstring; Plugging; Lakkering; Profilering; Relieffskjæring; Gjennombrutt utskjæring";;H 85,5 cm x B 45,5 cm;85.5;45.5;;;"Møbel; Kunstindustri";"352.1 (Sittemøbler); 322.48 (Møbeldesign); 322.4 (Møbelfagene)";;Testamentarisk gave, innkommet 1919;;https://ms01.nasjonalmuseet.no/iiif/tif/93076.tif/full/4000,/0/default.jpg;1;https://digitaltmuseum.org/0210615056166;https://www.nasjonalmuseet.no/samlingen/objekt/OK-09415;;bilete/OK-09415.jpg
63;OK-09415C;c7910535-5158-44f3-a8e6-25ba4f953d06;Stol;"Stol; Stolramme med løst sete";Ca. 1800;1800;1800;1900-talet;Norge, Norge;;"Bjørk; Silke; Furu; Bomull";Profilert, relieffskåret og brunbeiset bjerk, polstret sete trukket med silkestoff;"Beising; Tapping; Polstring; Plugging; Lakkering; Profilering; Relieffskjæring; Gjennombrutt utskjæring";;H 85,5 x B 45,5 x D 45,5 cm;85.5;45.5;45.5;;"Møbel; Kunstindustri";"352.1 (Sittemøbler); 322.4 (Møbelfagene); 322.48 (Møbeldesign)";;Testamentarisk gave, innkommet 1919;;;0;https://digitaltmuseum.org/0210615056836;https://www.nasjonalmuseet.no/samlingen/objekt/OK-09415C;;
46;OK-09415D;33acbf34-427e-460d-a7dd-c58adaccb707;Stol;"Stol; Stolramme med løst sete";Ca. 1800;1800;1800;1900-talet;Norge, Norge;;"Bomull; Silke; Bjørk; Furu";Profilert, relieffskåret og brunbeiset bjerk, polstret sete trukket med silkestoff;"Beising; Tapping; Polstring; Plugging; Lakkering; Profilering; Relieffskjæring; Gjennombrutt utskjæring";;H 85,5 x B 45,5 x D 45,5 cm;85.5;45.5;45.5;;"Møbel; Kunstindustri";"352.1 (Sittemøbler); 322.4 (Møbelfagene); 322.48 (Møbeldesign)";;Testamentarisk gave, innkommet 1919;;;0;https://digitaltmuseum.org/0210615053848;https://www.nasjonalmuseet.no/samlingen/objekt/OK-09415D;;
42;OK-05548;6358d0ae-ca49-4e85-b4ec-779ea518b94e;Stol;Stol;Ca. 1810;1810;1810;1900-talet;Norge, Norge;;"Tre, furu (BI); Hestetagl; Mahogni; Vegetabilske fibre; Lønn";Skåret furu, beiset og fernissert, polstret sete trukket med hestehår;"Polstring; Profilering; Treskjæring; Fernissering; Beising; Tapping; Finering; Intarsia";;H 85,5 x B 51,5 x D 50 cm;85.5;51.5;50.0;;Møbel;"352.1 (Sittemøbler); 322 (Trearbeid)";;Kjøpt 1897;;;0;https://digitaltmuseum.org/0210615052774;https://www.nasjonalmuseet.no/samlingen/objekt/OK-05548;;
104;OK-17302A;de50264b-5870-415f-84a8-82035e3c7b80;Armstol;Armstol;Antagelig 1810-1820;1810;1820;1900-talet;Norge, Norge;;"Mahogni; Syntetiske fibre, kunstsilke";Beiset og lakkert mahogni med skåret, dreid og innlagt dekor, stoppet setetrekk i kunstsilke;"Beising; Intarsia; Marketeri; Dreiing; Lakkering; Polstring";;H 82 x B 57 x D 51 cm;82.0;57.0;51.0;;Møbel;"322.48 (Møbeldesign); 352.1 (Sittemøbler)";;Ervervet 1973;;https://ms01.nasjonalmuseet.no/iiif/tif/07465.tif/full/4000,/0/default.jpg;1;https://digitaltmuseum.org/0210615059774;https://www.nasjonalmuseet.no/samlingen/objekt/OK-17302A;;bilete/OK-17302A.jpg
126;OK-17302B;5bbc9aeb-2a3e-4464-8628-71d22d6c08cc;Stol;Stol;Antagelig 1810-1820;1810;1820;1900-talet;Norge, Norge;;"Mahogni; Syntetiske fibre, kunstsilke";Beiset og lakkert mahogni med skåret, dreid og innlagt dekor, stoppet setetrekk i kunstsilke;"Beising; Intarsia; Marketeri; Dreiing; Lakkering; Polstring";;H 82 x B 47 x D 45 cm;82.0;47.0;45.0;;Møbel;352.1 (Sittemøbler);;Ervervet 1973;;https://ms01.nasjonalmuseet.no/iiif/tif/07493.tif/full/4000,/0/default.jpg;1;https://digitaltmuseum.org/0210615060244;https://www.nasjonalmuseet.no/samlingen/objekt/OK-17302B;;bilete/OK-17302B.jpg
2;OK-17280A;8e61baf9-83fb-4901-9191-7493a586f961;Stol;Stol;Ca. 1820;1820;1820;1900-talet;Norge, Norge;;"Bjørk; Syntetiske fibre, kunstsilke; Mahogni; Buksbom; Silke";Fernissert bjørk med dreid dekor, marketeri, intarsia og silketrukket sete;"Beising; Marketeri; Intarsia; Dreiing; Lakkering; Polstring; Innfelling; Bemaling";;H 81 x B 45 x D 47,5 cm;81.0;45.0;47.5;;Møbel;"322.48 (Møbeldesign); 352.1 (Sittemøbler); 531.45 (Dekupør (intarsia))";;Gave 1916;;https://ms01.nasjonalmuseet.no/iiif/tif/07204.tif/full/4000,/0/default.jpg;1;https://digitaltmuseum.org/0210615060122;https://www.nasjonalmuseet.no/samlingen/objekt/OK-17280A;;bilete/OK-17280A.jpg
96;OK-17280B;f7bc3e3f-296c-420a-bf54-a6ae16be80e8;Stol;Stol;Ca. 1820;1820;1820;1900-talet;Norge, Norge;;"Bjørk; Buksbom; Mahogni; Gran; Hestetagl";Fernissert bjørk med dreid dekor, marketeri, intarsia og hestehårstrekk;"Beising; Intarsia; Marketeri; Dreiing; Lakkering; Polstring; Innfelling; Bemaling";;H 81 x B 45 x D 47,5 cm;81.0;45.0;47.5;;Møbel;"322.48 (Møbeldesign); 352.1 (Sittemøbler); 531.45 (Dekupør (intarsia))";;Gave 1916;;https://ms01.nasjonalmuseet.no/iiif/tif/07205.tif/full/4000,/0/default.jpg;1;https://digitaltmuseum.org/0210615059896;https://www.nasjonalmuseet.no/samlingen/objekt/OK-17280B;;bilete/OK-17280B.jpg
64;OK-17280C;a3069a43-ef9a-4570-9d43-9786eae9eed7;Stol;Stol;Ca. 1820;1820;1820;1900-talet;Norge, Norge;;"Bjørk; Gran; Hestetagl; Mahogni; Buksbom";Fernissert bjørk med dreid dekor, marketeri, intarsia og hestehårstrekk;"Beising; Intarsia; Marketeri; Dreiing; Lakkering; Polstring; Innfelling; Bemaling";;H 81 x B 45 x D 47,5 cm;81.0;45.0;47.5;;Møbel;"322.48 (Møbeldesign); 352.1 (Sittemøbler); 531.45 (Dekupør (intarsia))";;Gave 1916;;https://ms01.nasjonalmuseet.no/iiif/tif/07463.tif/full/4000,/0/default.jpg;1;https://digitaltmuseum.org/0210615058200;https://www.nasjonalmuseet.no/samlingen/objekt/OK-17280C;;bilete/OK-17280C.jpg
108;OK-17280D;c6d4c4d9-9d1c-4cd8-a29d-19b458b63048;Stol;Stol;Ca. 1820;1820;1820;1900-talet;Norge, Norge;;"Bjørk; Gran; Hestetagl; Mahogni; Buksbom";Fernissert bjørk med dreid dekor, marketeri, intarsia og hestehårstrekk;"Beising; Intarsia; Marketeri; Dreiing; Lakkering; Polstring; Innfelling; Bemaling";;H 81 x B 45 x D 47,5 cm;81.0;45.0;47.5;;Møbel;"322.48 (Møbeldesign); 352.1 (Sittemøbler); 531.45 (Dekupør (intarsia))";;Gave 1916;;https://ms01.nasjonalmuseet.no/iiif/tif/07206.tif/full/4000,/0/default.jpg;1;https://digitaltmuseum.org/0210615059496;https://www.nasjonalmuseet.no/samlingen/objekt/OK-17280D;;bilete/OK-17280D.jpg
84;OK-17280E;9a92b55f-16d5-4d39-ab1a-93e131982b11;Stol;Stol;Ca. 1820;1820;1820;1900-talet;Norge, Norge;;"Bjørk; Hestetagl; Gran; Mahogni; Buksbom";Fernissert bjørk med dreid dekor, marketeri, intarsia og hestehårstrekk;"Beising; Marketeri; Intarsia; Innfelling; Polstring; Lakkering; Dreiing; Bemaling";;H 81 x B 44,5 x D 47,5 cm;81.0;44.5;47.5;;Møbel;"352.1 (Sittemøbler); 322.48 (Møbeldesign); 531.45 (Dekupør (intarsia))";;Gave 1916;;https://ms01.nasjonalmuseet.no/iiif/tif/92659.tif/full/4000,/0/default.jpg;1;https://digitaltmuseum.org/0210615057876;https://www.nasjonalmuseet.no/samlingen/objekt/OK-17280E;;bilete/OK-17280E.jpg
71;OK-17280F;b6134da2-3458-4fa2-8f4c-25782666af15;Stol;Stol;Ca. 1820;1820;1820;1900-talet;Norge, Norge;;"Bjørk; Mahogni; Buksbom; Hestetagl; Gran";Fernissert bjørk med dreid dekor, marketeri, intarsia og hestehårstrekk;"Marketeri; Intarsia; Beising; Innfelling; Lakkering; Finering; Polstring; Bemaling";;H 81 x B 45 x D 47,5 cm;81.0;45.0;47.5;;Møbel;"352.1 (Sittemøbler); 322.48 (Møbeldesign); 531.45 (Dekupør (intarsia))";;Gave 1916;;https://ms01.nasjonalmuseet.no/iiif/tif/07569.tif/full/4000,/0/default.jpg;1;https://digitaltmuseum.org/0210615058206;https://www.nasjonalmuseet.no/samlingen/objekt/OK-17280F;;bilete/OK-17280F.jpg
110;OK-17289A;92d0249a-899e-4064-8c21-ecc98ef241a4;Stol;Stol;1820-tallet;1820;1829;1900-talet;Norge, Norge;;"Bjørk; Messing; Buksbom; Hestetagl; Jakaranda";Bjørk, beiset og lakkert, dreid dekor, marketeri i buksbom og jakaranda, polstret sete med hestehårstrekk;"Dreiing; Polstring; Lakkering; Tapping; Marketeri; Beising";;H 80,7 x B 47,5 x D 52 cm;80.7;47.5;52.0;;Møbel;"352.1 (Sittemøbler); 322.48 (Møbeldesign)";;Ervervet 1953;;"https://ms01.nasjonalmuseet.no/iiif/tif/94844.tif/full/4000,/0/default.jpg; https://ms01.nasjonalmuseet.no/iiif/tif/92650.tif/full/4000,/0/default.jpg";2;https://digitaltmuseum.org/0210615057900;https://www.nasjonalmuseet.no/samlingen/objekt/OK-17289A;;bilete/OK-17289A.jpg
107;OK-17289B;50c4f0e0-43aa-43ac-a54b-fcc0d06cf26f;Stol;Stol;1820-tallet;1820;1829;1900-talet;Norge, Norge;;"Bjørk; Jakaranda; Messing; Hestetagl; Buksbom";Bjørk, beiset og lakkert, dreid dekor, marketeri i buksbom og jakaranda, polstret sete med hestehårstrekk;"Dreiing; Polstring; Lakkering; Tapping; Marketeri; Beising";;H 81 x B 47,5 x D 51,8 cm;81.0;47.5;51.8;;Møbel;"352.1 (Sittemøbler); 322.48 (Møbeldesign)";;Ervervet 1953;;https://ms01.nasjonalmuseet.no/iiif/tif/92651.tif/full/4000,/0/default.jpg;1;https://digitaltmuseum.org/0210615059680;https://www.nasjonalmuseet.no/samlingen/objekt/OK-17289B;;bilete/OK-17289B.jpg
83;OK-17289C;3225488b-3985-40bb-9696-802d4bf7af2b;Stol;Stol;1820-tallet;1820;1829;1900-talet;Norge, Norge;;"Bjørk; Messing; Buksbom; Hestetagl; Jakaranda";Bjørk, beiset og lakkert, dreid dekor, marketeri i buksbom og jakaranda, polstret sete med hestehårstrekk;"Dreiing; Polstring; Lakkering; Tapping; Marketeri; Beising";;H 80,8 x B 47,5 x D 52 cm;80.8;47.5;52.0;;Møbel;"352.1 (Sittemøbler); 322.48 (Møbeldesign)";;Ervervet 1953;;https://ms01.nasjonalmuseet.no/iiif/tif/92653.tif/full/4000,/0/default.jpg;1;https://digitaltmuseum.org/0210615058120;https://www.nasjonalmuseet.no/samlingen/objekt/OK-17289C;;bilete/OK-17289C.jpg
72;OK-17289E;97822425-15cc-4a8c-820c-0840251a8a44;Stol;Stol;1820-tallet;1820;1829;1900-talet;Norge, Norge;;"Bjørk; Jakaranda; Messing; Buksbom; Hestetagl";Bjørk, beiset og lakkert, dreid dekor, marketeri i buksbom og jakaranda, polstret sete med hestehårstrekk;"Dreiing; Polstring; Tapping; Marketeri; Lakkering";;H 81,3 x B 48 x D 52 cm;81.3;48.0;52.0;;Møbel;"352.1 (Sittemøbler); 322.48 (Møbeldesign)";;Ervervet 1953;;https://ms01.nasjonalmuseet.no/iiif/tif/92652.tif/full/4000,/0/default.jpg;1;https://digitaltmuseum.org/0210615058380;https://www.nasjonalmuseet.no/samlingen/objekt/OK-17289E;;bilete/OK-17289E.jpg
124;OK-17289F;898500cd-ab0b-482c-a35c-9b7ac61c26b7;Stol;Stol;1820-tallet;1820;1829;1900-talet;Norge, Norge;;"Bjørk; Messing; Jakaranda; Buksbom; Hestetagl";Bjørk, beiset og lakkert, dreid dekor, marketeri i buksbom og jakaranda, polstret sete med hestehårstrekk;"Polstring; Tapping; Marketeri; Lakkering; Dreiing";;H 81 x B 47,8 x D 50 cm;81.0;47.8;50.0;;Møbel;"352.1 (Sittemøbler); 322.48 (Møbeldesign)";;Ervervet 1953;;https://ms01.nasjonalmuseet.no/iiif/tif/92648.tif/full/4000,/0/default.jpg;1;https://digitaltmuseum.org/0210615059644;https://www.nasjonalmuseet.no/samlingen/objekt/OK-17289F;;bilete/OK-17289F.jpg
174;OK-dep-00126;a561b629-7595-4ba4-a43b-b170204b5153;Armstol;Armstol;Mellom 1820 og 1850;1820;1850;1900-talet;Norge, Innlandet, Oppland, Valdres;;"Furu; Jern; Bjørk";Kassestol med stolpekonstruksjon, av bjørk og furu med utskjæringer, tapping, plugging og spikring, jernhengsler;"Tapping; Spikring; Plugging; Treskurd; Profilering; Bemaling; Rissing";;H 102,5 x B 70 x D 60 cm;102.5;70.0;60.0;;"Møbel; Folkekunst";"322 (Trearbeid); 352.1 (Sittemøbler); 531.41 (Treskjæring)";;Deponert 1934;;"https://ms01.nasjonalmuseet.no/iiif/tif/35771.tif/full/4000,/0/default.jpg; https://ms01.nasjonalmuseet.no/iiif/tif/35772.tif/full/4000,/0/default.jpg";2;https://digitaltmuseum.org/0210615301180;https://www.nasjonalmuseet.no/samlingen/objekt/OK-dep-00126;;bilete/OK-dep-00126.jpg
138;OK-11131B;917749bc-df15-4bed-a575-38e25b30dd6b;Stol;"Stol; Stolramme med løst sete";Ca. 1830;1830;1830;1900-talet;Norge, Oslo (fylke), Oslo;;"Mahogni; Bomull; Eik; Furu";Fernissert mahognifiner, skåret og dreid dekor, setetrekk i ripsstoff;"Tapping; Finering; Lakkering; Beising; Dreiing; Polstring";;H 86 x B 47,5 x D 55,5 cm;86.0;47.5;55.5;;Møbel;352.1 (Sittemøbler);;Gave 1941;;"https://ms01.nasjonalmuseet.no/iiif/tif/74318.tif/full/4000,/0/default.jpg; https://ms01.nasjonalmuseet.no/iiif/tif/74317.tif/full/4000,/0/default.jpg; https://ms01.nasjonalmuseet.no/iiif/tif/74319.tif/full/4000,/0/default.jpg";3;https://digitaltmuseum.org/0210615055820;https://www.nasjonalmuseet.no/samlingen/objekt/OK-11131B;;bilete/OK-11131B.jpg
61;OK-11131C;9788e460-ec19-4563-9073-9eb8e773d01a;Stol;"Stol; Stolramme med løst sete";Ca. 1830;1830;1830;1900-talet;Norge, Oslo (fylke), Oslo;;"Mahogni; Eik; Furu; Bomull";Fernissert mahognifiner, skåret og dreid dekor, setetrekk i ripsstoff;"Beising; Finering; Lakkering; Tapping; Dreiing; Polstring";;H 86 x B 47,5 x D 55,5 cm;86.0;47.5;55.5;;Møbel;352.1 (Sittemøbler);;Gave 1941;;https://ms01.nasjonalmuseet.no/iiif/tif/08326.tif/full/4000,/0/default.jpg;1;https://digitaltmuseum.org/0210615057802;https://www.nasjonalmuseet.no/samlingen/objekt/OK-11131C;;bilete/OK-11131C.jpg
73;OK-14883H-1;21c09df5-c248-4029-a64e-f035dabb0a22;Stol;Stol;Mellom 1830 og 1850;1830;1850;1900-talet;Norge, Norge;;"Mahogni; Bøk; Silke";Mahogni finert på bøk, utskåret dekor, beiset og lakkert, polstret sete med silketrekk;"Polstring; Finering; Beising; Lakkering; Dreiing; Relieffskjæring; Tapping";;H 84,8 cm x B 48,5 cm x D 49 cm;84.8;48.5;49.0;;Møbel;"352.1 (Sittemøbler); 322.4 (Møbelfagene)";;Testamentarisk gave, innkommet 1956;;https://ms01.nasjonalmuseet.no/iiif/tif/94839.tif/full/4000,/0/default.jpg;1;https://digitaltmuseum.org/0210615058316;https://www.nasjonalmuseet.no/samlingen/objekt/OK-14883H-1;;bilete/OK-14883H-1.jpg
92;OK-14883H-2;bed60e5e-469f-4f97-8536-507720becf98;Stol;Stol;Mellom 1830 og 1850;1830;1850;1900-talet;Norge, Norge;;"Mahogni; Bøk; Silke";Mahogni finert på bøk, utskåret dekor, beiset og lakkert, polstret sete med silketrekk;"Polstring; Finering; Beising; Lakkering; Dreiing; Relieffskjæring; Tapping";;H 84,5 cm x B 48,5 cm x D 48 cm;84.5;48.5;48.0;;Møbel;"352.1 (Sittemøbler); 322.4 (Møbelfagene)";;Testamentarisk gave, innkommet 1956;;https://ms01.nasjonalmuseet.no/iiif/tif/94916.tif/full/4000,/0/default.jpg;1;https://digitaltmuseum.org/0210615058974;https://www.nasjonalmuseet.no/samlingen/objekt/OK-14883H-2;;bilete/OK-14883H-2.jpg
129;OK-1979-0006;22afb42e-2f75-4c77-873c-28c3893e7c20;Sofa;"Sofa; Sofa med to pøller";Mellom 1830 og 1850;1830;1850;1900-talet;Norge, Norge;Uidentifisert kunstner;"Mahogni; Hestetagl; Furu";Polert mahogni finert på furu, skåret dekor, polstret og trukket med sort hestehårstrekk.;"Polstring; Finering; Treskjæring; Tapping; Saging; Liming; Lakkering";;H 101 cm x L 225 cm x D 67 cm;101.0;;67.0;;Møbel;352.1 (Sittemøbler);;Kjøpt 1979;;"https://ms01.nasjonalmuseet.no/iiif/tif/OK-1979-0006.tif/full/4000,/0/default.jpg; https://ms01.nasjonalmuseet.no/iiif/tif/09021.tif/full/4000,/0/default.jpg";2;https://digitaltmuseum.org/0210615061874;https://www.nasjonalmuseet.no/samlingen/objekt/OK-1979-0006;;bilete/OK-1979-0006.jpg
116;OK-10900A;c68c1506-708f-476e-bc42-7d179dd80049;Armstol;Armstol;Mellom 1836 og 1837;1836;1837;1900-talet;Norge, Norge;Grosch, Christian Heinrich;"Bøk; Tekstil";Gullfernissert bøk med skåret og dreid dekor og fløyelstrekk.;"Sammenføyning; Stopping; Utskjæring; Dreiing; Vernissering";;D 56,6 x B 61,5 x H 107 cm;107.0;61.5;56.6;;Møbel;352.1 (Sittemøbler);;Gave 1938;;https://ms01.nasjonalmuseet.no/iiif/tif/65506.tif/full/4000,/0/default.jpg;1;https://digitaltmuseum.org/0210615054652;https://www.nasjonalmuseet.no/samlingen/objekt/OK-10900A;;bilete/OK-10900A.jpg
121;OK-11813A;3d3b85fa-c0f1-4c1e-8029-a627981ffcba;Sofa;Sofa;Antagelig 1840-tallet;1840;1849;1900-talet;Norge, Norge;Nadderud, Bernt Olsen;"Mahogni; Tekstil, plysj";Skåret og beiset mahogni, polstret sete trukket med plysj;"Polstring; Treskjæring; Beising; Fernissering; Tapping";;H 113 x L 188,5 x D 87;113.0;;87.0;;Møbel;"352.1 (Sittemøbler); 322.48 (Møbeldesign); 322.4 (Møbelfagene)";;Gave 1946;;https://ms01.nasjonalmuseet.no/iiif/tif/111597.tif/full/4000,/0/default.jpg;1;https://digitaltmuseum.org/0210615055966;https://www.nasjonalmuseet.no/samlingen/objekt/OK-11813A;;bilete/OK-11813A.jpg
109;OK-11813B;acd78bc4-9d9a-4008-801d-8b2d617f76db;Armstol;Armstol;Antagelig 1840-tallet;1840;1849;1900-talet;Norge, Norge;Nadderud, Bernt Olsen;"Plysj; Mahogni; Messing";Skåret og beiset mahogni, polstret sete trukket med plysj;"Polstring; Beising; Fernissering; Treskjæring; Profilering; Tapping";;H 99,5 x B 55,8 x D 61,5 cm;99.5;55.8;61.5;;Møbel;"352.1 (Sittemøbler); 322.48 (Møbeldesign); 322.4 (Møbelfagene)";;Gave 1946;;https://ms01.nasjonalmuseet.no/iiif/tif/94820.tif/full/4000,/0/default.jpg;1;https://digitaltmuseum.org/0210615056996;https://www.nasjonalmuseet.no/samlingen/objekt/OK-11813B;;bilete/OK-11813B.jpg
78;OK-11813C;bc976056-171e-48cc-b3a5-f437bf7742f1;Lenestol;Lenestol;Antagelig 1840-tallet;1840;1849;1900-talet;Norge, Norge;Nadderud, Bernt Olsen;"Mahogni; Plysj; Messing";Skåret og beiset mahogni, polstret sete trukket med plysj;"Polstring; Beising; Fernissering; Tapping; Profilering; Plugging; Gjennombrutt utskjæring";;H 98,5 x B 56,7 x D 62 cm;98.5;56.7;62.0;;Møbel;"352.1 (Sittemøbler); 322.48 (Møbeldesign); 322.4 (Møbelfagene)";;Gave 1946;;https://ms01.nasjonalmuseet.no/iiif/tif/94821.tif/full/4000,/0/default.jpg;1;https://digitaltmuseum.org/0210615056752;https://www.nasjonalmuseet.no/samlingen/objekt/OK-11813C;;bilete/OK-11813C.jpg
139;OK-11813D;75dca59f-a230-418b-9837-58f2ce828140;Lenestol;Lenestol;Antagelig 1840-tallet;1840;1849;1900-talet;Norge, Norge;Nadderud, Bernt Olsen;"Mahogni; Plysj; Messing";Skåret og beiset mahogni, polstret sete trukket med plysj;"Polstring; Beising; Fernissering; Plugging; Tapping; Profilering; Gjennombrutt utskjæring";;H 99,5 x B 55,7 x D 60 cm;99.5;55.7;60.0;;Møbel;"352.1 (Sittemøbler); 322.48 (Møbeldesign); 322.4 (Møbelfagene)";;Gave 1946;;https://ms01.nasjonalmuseet.no/iiif/tif/94822.tif/full/4000,/0/default.jpg;1;https://digitaltmuseum.org/0210615056712;https://www.nasjonalmuseet.no/samlingen/objekt/OK-11813D;;bilete/OK-11813D.jpg
99;OK-11813E;2ca6ffdb-6733-447f-b8e5-bc38112183c5;Lenestol;Lenestol;Antagelig 1840-tallet;1840;1849;1900-talet;Norge, Norge;Nadderud, Bernt Olsen;"Mahogni; Plysj; Messing";Skåret og beiset mahogni, polstret sete trukket med plysj;"Polstring; Beising; Fernissering; Tapping; Profilering; Plugging; Gjennombrutt utskjæring";;H 99,3 x B 55,7 x 62,5 cm;99.3;55.7;;;Møbel;"352.1 (Sittemøbler); 322.48 (Møbeldesign); 322.4 (Møbelfagene)";;Gave 1946;;https://ms01.nasjonalmuseet.no/iiif/tif/94823.tif/full/4000,/0/default.jpg;1;https://digitaltmuseum.org/0210615055196;https://www.nasjonalmuseet.no/samlingen/objekt/OK-11813E;;bilete/OK-11813E.jpg
48;OK-11813F;00e57b4e-ce7e-45ff-8dec-0c8c5dbbc33f;Lenestol;Lenestol;Antagelig 1840-tallet;1840;1849;1900-talet;Norge, Norge;Nadderud, Bernt Olsen;"Mahogni; Plysj; Messing";Skåret og beiset mahogni, polstret sete trukket med plysj;"Polstring; Beising; Fernissering; Treskjæring; Profilering; Tapping";;H 98,5 x B 55,5 x D 61,5 cm;98.5;55.5;61.5;;Møbel;"352.1 (Sittemøbler); 322.48 (Møbeldesign); 322.4 (Møbelfagene)";;Gave 1946;;https://ms01.nasjonalmuseet.no/iiif/tif/94824.tif/full/4000,/0/default.jpg;1;https://digitaltmuseum.org/0210615053930;https://www.nasjonalmuseet.no/samlingen/objekt/OK-11813F;;bilete/OK-11813F.jpg
77;OK-11813G;bfb24488-1a35-496d-853b-e8ea853518e6;Lenestol;Lenestol;Antagelig 1840-tallet;1840;1850;1900-talet;Norge, Norge;Nadderud, Bernt Olsen;"Mahogni; Plysj; Messing";Skåret og beiset mahogni, polstret sete trukket med plysj  	  	  	 ;"Polstring; Beising; Fernissering; Treskjæring; Profilering; Tapping";;H 99,3 x B 55,8 x D 62 cm;99.3;55.8;62.0;;Møbel;"352.1 (Sittemøbler); 322.48 (Møbeldesign); 322.4 (Møbelfagene)";;Gave 1946;;https://ms01.nasjonalmuseet.no/iiif/tif/94825.tif/full/4000,/0/default.jpg;1;https://digitaltmuseum.org/0210615056742;https://www.nasjonalmuseet.no/samlingen/objekt/OK-11813G;;bilete/OK-11813G.jpg
76;OK-11813H;4cc88f24-f171-4f09-a24b-6ff1520a0320;Stol;Stol;Antagelig 1840-tallet;1840;1849;1900-talet;Norge, Norge;Nadderud, Bernt Olsen;"Mahogni; Plysj";Skåret og beiset mahogni, polstret sete trukket med plysj;"Polstring; Beising; Fernissering; Treskjæring; Profilering; Tapping";;H 99,2 x B 45,3 x D 51 cm;99.2;45.3;51.0;;Møbel;"352.1 (Sittemøbler); 322.48 (Møbeldesign); 322.4 (Møbelfagene)";;Gave 1946;;https://ms01.nasjonalmuseet.no/iiif/tif/94826.tif/full/4000,/0/default.jpg;1;https://digitaltmuseum.org/0210615056738;https://www.nasjonalmuseet.no/samlingen/objekt/OK-11813H;;bilete/OK-11813H.jpg
117;OK-11813K;56d96bdc-36c1-422d-a43f-2ae98726d1a2;Stol;Stol;Antagelig 1840-tallet;1840;1849;1900-talet;Norge, Norge;Nadderud, Bernt Olsen;"Mahogni; Plysj";Skåret og beiset mahogni, polstret sete trukket med plysj;"Polstring; Beising; Fernissering; Treskjæring; Tapping; Profilering";;H 92,5 x B 45,5 x D 50 cm;92.5;45.5;50.0;;Møbel;"352.1 (Sittemøbler); 322.48 (Møbeldesign); 322.4 (Møbelfagene)";;Gave 1946;;https://ms01.nasjonalmuseet.no/iiif/tif/94828.tif/full/4000,/0/default.jpg;1;https://digitaltmuseum.org/0210615054704;https://www.nasjonalmuseet.no/samlingen/objekt/OK-11813K;;bilete/OK-11813K.jpg
123;OK-14846;5fe234f5-e43f-49b5-ade5-159054c12cc7;Stol;Stol;1855-1865;1855;1865;1900-talet;Norge, Norge;Uidentifisert kunstner;"Mahogni; Bjørk; Ull; Vegetabilske fibre, stramei";Beiset og polert mahogni finert på bøk med skåret dekor og tekstiltrekk. Forside og sittepute har perlebroderi.;"Beising; Fernissering; Finering; Polstring; Relieffskjæring; Profilering; Perlebroderi";;H 93,5 x B 48,5 x D 51 cm;93.5;48.5;51.0;;Møbel;"322.48 (Møbeldesign); 352.1 (Sittemøbler)";;Testamentarisk gave, innkommet 1957;;https://ms01.nasjonalmuseet.no/iiif/tif/07196.tif/full/4000,/0/default.jpg;1;https://digitaltmuseum.org/0210615059466;https://www.nasjonalmuseet.no/samlingen/objekt/OK-14846;;bilete/OK-14846.jpg
130;OK-1968-0030;fa4abd24-08b4-4125-8da0-acfa4e492e36;Skammel;"Skammel; Skammel med pute";1860-tallet;1860;1869;1900-talet;Norge, Norge;;"Bomull; Glass; Bjørk; Ull";Bjørk med skåret dekor og pute med petit point og perlebroderi;"Brodering; Perlebroderi";;H 15,5 x L 34,7 x B 28 cm (skammel), H 35 cm x B 44,5 cm (broderi);15.5;28.0;;;"Møbel; Tekstil; Kunsthåndverk";"352 (Møbler og gulvbekledning); 352.1 (Sittemøbler); 531.23 (Broderi)";;Gave 1968;;https://ms01.nasjonalmuseet.no/iiif/tif/07510.tif/full/4000,/0/default.jpg;1;https://digitaltmuseum.org/0210615061948;https://www.nasjonalmuseet.no/samlingen/objekt/OK-1968-0030;;bilete/OK-1968-0030.jpg
39;OK-1989-0229C;b871df2f-6aff-433f-8e41-d01602abb9f1;Stol;Stol;Ca. 1870;1865;1875;1900-talet;Norge, Norge;Ukjent;"Tre; Messing; Silke; Bronse";Svartlakkert tre, profilert, skåret og dreid dekor, polstret, silketrekk, bronselister.;"Fargelakkering; Relieffskjæring; Gjennombrutt utskjæring; Profilering";;H 92 x B 50 x D 46 cm;92.0;50.0;46.0;;"Møbel; Kunstindustri";"322.48 (Møbeldesign); 352.1 (Sittemøbler)";;Kjøpt 1989;;https://ms01.nasjonalmuseet.no/iiif/tif/08310.tif/full/4000,/0/default.jpg;1;https://digitaltmuseum.org/0210615063322;https://www.nasjonalmuseet.no/samlingen/objekt/OK-1989-0229C;;bilete/OK-1989-0229C.jpg
57;OK-10117;4a5e5783-7826-42b6-b58b-fdb84ffcdea9;Armstol;Armstol;Ca. 1870;1870;1870;1900-talet;Norge, Innlandet, Oppland, Gudbrandsdalen;;"Bjørk; Vegetabilske fibre";Fernissert og beiset bjørk, skåret og dreid dekor, polstret sete, ullbroderi på kanvas (sekundært);"Beising; Tapping; Fernissering; Dreiing; Polstring; Gjennombrutt utskjæring; Figurskjæring";;H 125 x B 59,5 x D 46,5 cm;125.0;59.5;46.5;;Møbel;"352.1 (Sittemøbler); 322.4 (Møbelfagene); 322 (Trearbeid)";;Gave 1920;;https://ms01.nasjonalmuseet.no/iiif/tif/07717.tif/full/4000,/0/default.jpg;1;https://digitaltmuseum.org/0210615051576;https://www.nasjonalmuseet.no/samlingen/objekt/OK-10117;;bilete/OK-10117.jpg
175;NMK.2009.0193;2c4b14cc-b0d1-4c59-8142-795718dc48d4;Armstol;"Armstol; Kongestol; Paa veg til gjestebod i Trollslotte";1889-90;1889;1890;1900-talet;Norge, Vestland, Ullensvang, Kinsarvik;Kinsarvik, Lars;"Furu; Maling";Furutre med utskåret og bemalt relieffdekor;"Tapping; Plugging; Bemaling; Relieffskjæring";;H 164,5 x B 69 x D 69,5 cm;164.5;69.0;69.5;;"Møbel; Kunstindustri";"322.4 (Møbelfagene); 352.1 (Sittemøbler); 531.41 (Treskjæring); 531.46 (Møbelkunst)";;Kjøpt 2009;;"https://ms01.nasjonalmuseet.no/iiif/tif/37158.tif/full/4000,/0/default.jpg; https://ms01.nasjonalmuseet.no/iiif/tif/Bak.tif/full/4000,/0/default.jpg; https://ms01.nasjonalmuseet.no/iiif/tif/Venstre%20side.tif/full/4000,/0/default.jpg; https://ms01.nasjonalmuseet.no/iiif/tif/Front.tif/full/4000,/0/default.jpg; https://ms01.nasjonalmuseet.no/iiif/tif/Høyre%20side.tif/full/4000,/0/default.jpg";5;https://digitaltmuseum.org/0210614966853;https://www.nasjonalmuseet.no/samlingen/objekt/NMK.2009.0193;;bilete/NMK.2009.0193.jpg
101;OK-15056F-1;64e27f92-0da5-48d8-a221-f86fb7815ca8;Lenestol;Lenestol;1889;1889;1889;1900-talet;Norge, Norge;Backer, Herman;"Eik; Bomull; Metall";Fernissert eik med dreid dekor, trekk i bomullsfløyel, metalltrinser.;"Plugging; Dreiing; Polstring; Fernissering";;H 88 x B 67 x D 73 cm;88.0;67.0;73.0;;Møbel;352.1 (Sittemøbler);;Gave 1958;;https://ms01.nasjonalmuseet.no/iiif/tif/07702.tif/full/4000,/0/default.jpg;1;https://digitaltmuseum.org/0210615058414;https://www.nasjonalmuseet.no/samlingen/objekt/OK-15056F-1;;bilete/OK-15056F-1.jpg
75;OK-15056F-2;83d6042c-98b3-45ea-a9d9-0011f1da5224;Lenestol;Lenestol;1889;1889;1889;1900-talet;Norge, Norge;Backer, Herman;"Eik; Bomull; Metall";Fernissert eik med dreid dekor, trekk i bomullsfløyel, metalltrinser.;"Plugging; Polstring; Dreiing; Fernissering";;H 88 x B 67 x D 73 cm;88.0;67.0;73.0;;Møbel;352.1 (Sittemøbler);;Gave 1958;;https://ms01.nasjonalmuseet.no/iiif/tif/08295.tif/full/4000,/0/default.jpg;1;https://digitaltmuseum.org/0210615059062;https://www.nasjonalmuseet.no/samlingen/objekt/OK-15056F-2;;bilete/OK-15056F-2.jpg
106;OK-1969-0276;c2d07ce2-aebb-4fdc-b9c6-64f0f035f2a0;Gyngestol;Gyngestol;Antagelig 1890-årene;1890;1899;1900-talet;Norge, Norge;;"Or; Tekstil, plysj";Svartlakkert or med plysjtrekk.;"Fargelakkering; Polstring";;H 96 x B 43,5 cm;96.0;43.5;;;Møbel;"322.48 (Møbeldesign); 352.1 (Sittemøbler)";;Gave 1969;;https://ms01.nasjonalmuseet.no/iiif/tif/07394.tif/full/4000,/0/default.jpg;1;https://digitaltmuseum.org/0210615060802;https://www.nasjonalmuseet.no/samlingen/objekt/OK-1969-0276;;bilete/OK-1969-0276.jpg
41;OK-11119;f0731eb4-e8c9-4fb0-9f46-b6bab5daf164;Sofa;Sofa;Ca. 1900;1900;1900;2000-talet;Norge, Oslo (fylke), Oslo;Brødrene Ollendorff;"Eik; Textil, fløyel; Furu; Messing";Lakkert eik, polstret sete trukket med fløyelsstoff, possement;"Polstring; Plugging; Veving; Beising; Lakkering";;H 95 x L 202 x D 90 cm;95.0;;90.0;;Møbel;352.1 (Sittemøbler);;Gave 1940;;https://ms01.nasjonalmuseet.no/iiif/tif/111593.tif/full/4000,/0/default.jpg;1;https://digitaltmuseum.org/0210615045230;https://www.nasjonalmuseet.no/samlingen/objekt/OK-11119;;bilete/OK-11119.jpg
120;OK-11122;59f28433-2a96-4160-88e6-54cb49ffc04e;Gruppering;"Gruppering; To armstoler";Ca. 1900;1900;1900;2000-talet;Norge, Oslo (fylke), Oslo;Brødrene Ollendorff;"Eik; Tekstil, fløyel";Beiset og fernissert eik med skåret og dreid dekor og fløyelstrekk;"Fernissering; Polstring; Dreiing; Relieffskjæring; Treskjæring; Beising; Tapping";;H 107 x B 65,5 x D 60 cm;107.0;65.5;60.0;;"Møbel; Kunstindustri";"322.48 (Møbeldesign); 352.1 (Sittemøbler)";;Gave 1940;;https://ms01.nasjonalmuseet.no/iiif/tif/07189.tif/full/4000,/0/default.jpg;1;https://digitaltmuseum.org/0210615054312;https://www.nasjonalmuseet.no/samlingen/objekt/OK-11122;;bilete/OK-11122.jpg
13;OK-11124;cf9b9694-07d8-4f8f-9113-e2eba4dc1ebe;Stol;Stol;Ca. 1900;1900;1900;2000-talet;Norge, Oslo (fylke), Oslo;Brødrene Ollendorff;"Eik; Tekstil";Profilert, dreiet og beiset eik, fløyelstrekk;"Polstring; Dreiing; Tapping; Lakkering; Beising; Profilering; Fløyel";;H 91,3 x B 42,5 x D 49 cm;91.3;42.5;49.0;;Møbel;352.1 (Sittemøbler);;Gave 1940;;https://ms01.nasjonalmuseet.no/iiif/tif/30284.tif/full/4000,/0/default.jpg;1;https://digitaltmuseum.org/0210615054542;https://www.nasjonalmuseet.no/samlingen/objekt/OK-11124;;bilete/OK-11124.jpg
113;OK-1991-0893A;2545face-e17c-4d84-8966-7aa8b8a41c03;Lenestol;"Lenestol; Biblioteksstol";1928;1928;1928;2000-talet;Norge, Oslo (fylke), Oslo;Bryn, Finn;"Tre; Skinn";Lakkert tre og skinnstopning;Lakkering;;H 72 x B 70,5 x D 84 cm;72.0;70.5;84.0;;"Møbel; Design";352.1 (Sittemøbler);;Gave 1991;;"https://ms01.nasjonalmuseet.no/iiif/tif/107691.tif/full/4000,/0/default.jpg; https://ms01.nasjonalmuseet.no/iiif/tif/107690.tif/full/4000,/0/default.jpg";2;https://digitaltmuseum.org/0210615063082;https://www.nasjonalmuseet.no/samlingen/objekt/OK-1991-0893A;;bilete/OK-1991-0893A.jpg
25;OK-1991-0893B;2581feb9-6b3b-460c-bd01-4d172ed5fadd;Lenestol;"Lenestol; Bibliotekstol";1928;1928;1928;2000-talet;Norge, Oslo (fylke), Oslo;Bryn, Finn;"Tre; Skinn; Metall";Polstret skinn og lakkert tre;Polstring;;H 73 x B 71 x D 81 cm;73.0;71.0;81.0;;"Møbel; Design";352.1 (Sittemøbler);;Gave 1991;;https://ms01.nasjonalmuseet.no/iiif/tif/111618.tif/full/4000,/0/default.jpg;1;https://digitaltmuseum.org/0210615046550;https://www.nasjonalmuseet.no/samlingen/objekt/OK-1991-0893B;;bilete/OK-1991-0893B.jpg
182;OK-2001-0225;27ab5d4f-56df-4863-95ce-6ef1d4d0e786;Sofa;"Sofa; Sofa med syv løse puter";Ca. 1930;1930;1930;2000-talet;Norge, Norge;;"Jern; Tekstil; Møbelplate";Formbøyd og lakkert jernrør, armlener i bjørk, polstrede pute trukket med cordfløyel;"Skruing; Polstring; Fargelakkering; Sveising; Formbøying; Lakkering";;H 72,5 cm x L 191 cm x D 85 cm;72.5;;85.0;;"Møbel; Tekstil";"322.48 (Møbeldesign); 352.1 (Sittemøbler)";;Testamentarisk gave, innkommet 2001;;https://ms01.nasjonalmuseet.no/iiif/tif/111636.tif/full/4000,/0/default.jpg;1;https://digitaltmuseum.org/0210615301380;https://www.nasjonalmuseet.no/samlingen/objekt/OK-2001-0225;;bilete/OK-2001-0225.jpg
136;OK-12172;65cbc083-b902-48b1-9bf1-0e26dd54cfff;Spisestuestol;"Spisestuestol; Flerbruksstol";1949;1949;1949;2000-talet;Norge, Oslo (fylke), Oslo;Ianke, Bjørn;"Eik; Kalv";Eik og kalveskinn;"Tapping; Spikring";;H 82,5 x B 45 x D 43 cm;82.5;45.0;43.0;;Møbel;"352.1 (Sittemøbler); 322.48 (Møbeldesign); 322 (Trearbeid)";;Kjøpt 1950;;https://ms01.nasjonalmuseet.no/iiif/tif/114089.tif/full/4000,/0/default.jpg;1;https://digitaltmuseum.org/0210615055626;https://www.nasjonalmuseet.no/samlingen/objekt/OK-12172;;bilete/OK-12172.jpg
40;OK-1993-0173;2b20ddc1-6d2f-4630-9fc9-b0482aded5ad;Modell 222;"Spisestuestol; Modell 222";1951;1951;1951;2000-talet;Norge, Møre og Romsdal, Ørsta, Ørstavik;Ørsta Bruk A/S;"Teak; Bomull";Skåret og lakkert teak, polstret sete trukket med bomullsstoff;"Polstring; Tapping; Skruing; Lakkering";;H 84,2 x B 44,5 x D 44,5 cm;84.2;44.5;44.5;;"Møbel; Design";"322.48 (Møbeldesign); 352.1 (Sittemøbler)";;Kjøpt 1993;;https://ms01.nasjonalmuseet.no/iiif/tif/07093.tif/full/4000,/0/default.jpg;1;https://digitaltmuseum.org/0210615063734;https://www.nasjonalmuseet.no/samlingen/objekt/OK-1993-0173;;bilete/OK-1993-0173.jpg
141;NMK.2005.0581;dd09574c-527f-4f32-8906-849de1758904;Armstol;"Armstol; Seteprototype med sekundært understell";Ca. 1957 (glassfiberskall), ca. 2000 (fargelakkering/metallunderstell);1957;1958;2000-talet;Norge, Norge;Berg, Gerhard;"Metall; Polyester; Gummi; Glassfiber";Støpt glassfiber og metall;"Skruing; Støping; Sveising";;H 73 cm x B 65 cm x D 58 cm;73.0;65.0;58.0;;"Møbel; Design; Prototyp";"322.48 (Møbeldesign); 352.1 (Sittemøbler); 384 (Syntetvareindustri)";;Kjøpt 2005;;"https://ms01.nasjonalmuseet.no/iiif/tif/NMK.2005.0581_07.tif/full/4000,/0/default.jpg; https://ms01.nasjonalmuseet.no/iiif/tif/56908.tif/full/4000,/0/default.jpg; https://ms01.nasjonalmuseet.no/iiif/tif/NMK.2005.0581.tif/full/4000,/0/default.jpg; https://ms01.nasjonalmuseet.no/iiif/tif/NMK.2005.0581_02.tif/full/4000,/0/default.jpg; https://ms01.nasjonalmuseet.no/iiif/tif/NMK.2005.0581_03.tif/full/4000,/0/default.jpg; https://ms01.nasjonalmuseet.no/iiif/tif/NMK.2005.0581_04.tif/full/4000,/0/default.jpg; https://ms01.nasjonalmuseet.no/iiif/tif/NMK.2005.0581_05.tif/full/4000,/0/default.jpg; https://ms01.nasjonalmuseet.no/iiif/tif/NMK.2005.0581_06.tif/full/4000,/0/default.jpg";8;https://digitaltmuseum.org/0210614964126;https://www.nasjonalmuseet.no/samlingen/objekt/NMK.2005.0581;;bilete/NMK.2005.0581.jpg
1;OK-2003-0113;c8201e64-1f74-483c-8aac-6a1889cea425;Krobo ;"Møblement; Tre benker";1963;1963;1965;2000-talet;Norge, Norge;Afdal, Torbjørn;"Palisander; Stål; Ull";;"Finering; Innfelling; Skruing; Lakkering; Profilering";;H 34 x L 120,5 x B 37,1 cm;34.0;37.1;;;"Møbel; Design; Industridesign";"322.48 (Møbeldesign); 352.1 (Sittemøbler)";;Kjøpt 2003;;https://ms01.nasjonalmuseet.no/iiif/tif/07291.tif/full/4000,/0/default.jpg;1;https://digitaltmuseum.org/0210615083708;https://www.nasjonalmuseet.no/samlingen/objekt/OK-2003-0113;;bilete/OK-2003-0113.jpg
152;NMK.2008.0014;003d8c3f-e78f-45b4-b305-52f7649cd566;Siesta;"Hvilestol; Lenestol med sete- og hodepute";2008 (design 1965);1965;1965;2000-talet;Norge, Sykkylven, Møre og Romsdal;Relling, Ingmar;"Lær; Kanvas; Bøk";Bøk, lær og kanvas;"Laminering; Polstring; Formbøying; Skruing; Binding; Lakkering; Beising";;H 79,5 x B 61,5 x D 82,5 cm;79.5;61.5;82.5;;"Møbel; Design";"322.48 (Møbeldesign); 352.1 (Sittemøbler)";;Gave 2008;;"https://ms01.nasjonalmuseet.no/iiif/tif/111577.tif/full/4000,/0/default.jpg; https://ms01.nasjonalmuseet.no/iiif/tif/104381.tif/full/4000,/0/default.jpg";2;https://digitaltmuseum.org/0210614982243;https://www.nasjonalmuseet.no/samlingen/objekt/NMK.2008.0014;;bilete/NMK.2008.0014.jpg
160;NMK.2016.0136;15350b94-5618-4328-aaf7-ce0a84a05f66;Ekstrem Maestro;"Stol; Prototyp til stol; Ekstrem Maestro";Mellom 1980 og 2013;1980;2013;2000-talet;Norge, Oslo (fylke), Oslo;Ekstrøm, Terje;"Stål; Kryssfiner";Formbøyd kryssfiner sammensatt med ståldeler;Formbøying;;H 101 x B 55 x D 50 cm;101.0;55.0;50.0;;"Prototyp; Industridesign; Møbel";"322.48 (Møbeldesign); 352.1 (Sittemøbler)";;Gave 2016;;"https://ms01.nasjonalmuseet.no/iiif/tif/142186.tif/full/4000,/0/default.jpg; https://ms01.nasjonalmuseet.no/iiif/tif/142185.tif/full/4000,/0/default.jpg";2;https://digitaltmuseum.org/0210614983083;https://www.nasjonalmuseet.no/samlingen/objekt/NMK.2016.0136;;bilete/NMK.2016.0136.jpg
154;NMK.2016.0137;a647768b-adde-489e-b971-ef88294db116;Ekstrem Maestro;"Gruppering; Laminatdeler til stol; Ekstrem Maestro";Mellom 1980 og 2013;1980;2013;2000-talet;Norge, Oslo (fylke), Oslo;Ekstrøm, Terje;Kryssfiner;Formbøyd kryssfinér;Formbøying;;Se underposter;;;;;"Industridesign; Møbel; Prototyp";"322.48 (Møbeldesign); 352.1 (Sittemøbler)";;Gave 2016;;"https://ms01.nasjonalmuseet.no/iiif/tif/144324.tif/full/4000,/0/default.jpg; https://ms01.nasjonalmuseet.no/iiif/tif/144328.tif/full/4000,/0/default.jpg; https://ms01.nasjonalmuseet.no/iiif/tif/144325.tif/full/4000,/0/default.jpg; https://ms01.nasjonalmuseet.no/iiif/tif/144330.tif/full/4000,/0/default.jpg; https://ms01.nasjonalmuseet.no/iiif/tif/144326.tif/full/4000,/0/default.jpg; https://ms01.nasjonalmuseet.no/iiif/tif/144331.tif/full/4000,/0/default.jpg";6;https://digitaltmuseum.org/0210614983777;https://www.nasjonalmuseet.no/samlingen/objekt/NMK.2016.0137;;bilete/NMK.2016.0137.jpg
157;NMK.2016.0137.001;f9eeaae7-91f9-41ba-8707-5a5b07df2819;Ekstrem Maestro;"Stol; Ekstrem Maestro; Laminatdel til stol";Mellom 1980 og 2013;1980;2013;2000-talet;Norge, Oslo (fylke), Oslo;Ekstrøm, Terje;Kryssfiner;Formbøyd kryssfinér ;Formbøying;;H 70 x B 20 x D 49 cm;70.0;20.0;49.0;;"Industridesign; Møbel; Prototyp";"322.48 (Møbeldesign); 352.1 (Sittemøbler)";;Gave 2016;;https://ms01.nasjonalmuseet.no/iiif/tif/142492.tif/full/4000,/0/default.jpg;1;https://digitaltmuseum.org/0210614984227;https://www.nasjonalmuseet.no/samlingen/objekt/NMK.2016.0137.001;;bilete/NMK.2016.0137.001.jpg
150;NMK.2016.0137.002;a5643b49-f169-41a5-9b32-aaae8887a18b;Ekstrem Maestro;"Stol; Ekstrem Maestro; Laminatdel til stol";Mellom 1980 og 2013;1980;2013;2000-talet;Norge, Oslo (fylke), Oslo;Ekstrøm, Terje;Kryssfiner;Formbøyd kryssfinér;Formbøying;;H 114 x B 12 x D 40 cm;114.0;12.0;40.0;;"Industridesign; Møbel; Prototyp";"322.48 (Møbeldesign); 352.1 (Sittemøbler)";;Gave 2016;;https://ms01.nasjonalmuseet.no/iiif/tif/142490.tif/full/4000,/0/default.jpg;1;https://digitaltmuseum.org/0210614984037;https://www.nasjonalmuseet.no/samlingen/objekt/NMK.2016.0137.002;;bilete/NMK.2016.0137.002.jpg
155;NMK.2016.0137.003;55eefdb7-5322-4082-b87b-b2c0afc8aed8;Ekstrem Maestro;"Stol; Laminatdel til stol; Ekstrem Maestro";Mellom 1980 og 2013;1980;2013;2000-talet;Norge, Oslo (fylke), Oslo;Ekstrøm, Terje;Kryssfiner;Formbøyd kryssfinér;Formbøying;;H 74 x B 23 x D 56 cm;74.0;23.0;56.0;;"Industridesign; Møbel; Prototyp";"322.48 (Møbeldesign); 352.1 (Sittemøbler)";;Gave 2016;;https://ms01.nasjonalmuseet.no/iiif/tif/144129.tif/full/4000,/0/default.jpg;1;https://digitaltmuseum.org/0210614984065;https://www.nasjonalmuseet.no/samlingen/objekt/NMK.2016.0137.003;;bilete/NMK.2016.0137.003.jpg
151;NMK.2016.0137.004;be151522-2be9-4567-940a-751398810694;Ekstrem Maestro;"Stol; Ekstrem Maestro; Laminatdel til stol";Mellom 1980 og 2013;1980;2013;2000-talet;Norge, Oslo (fylke), Oslo;Ekstrøm, Terje;Kryssfiner;Formbøyd kryssfinér;Formbøying;;H 102 x B 11 x D 43 cm;102.0;11.0;43.0;;"Industridesign; Møbel; Prototyp";"322.48 (Møbeldesign); 352.1 (Sittemøbler)";;Gave 2016;;https://ms01.nasjonalmuseet.no/iiif/tif/144128.tif/full/4000,/0/default.jpg;1;https://digitaltmuseum.org/0210614984041;https://www.nasjonalmuseet.no/samlingen/objekt/NMK.2016.0137.004;;bilete/NMK.2016.0137.004.jpg
148;NMK.2016.0137.005;92c7afb2-1e7d-4cf4-b307-3d8b58b8d996;Ekstrem Maestro;"Stol; Ekstrem Maestro; Laminatdel til stol";Mellom 1980 og 2013;1980;2013;2000-talet;Norge, Oslo (fylke), Oslo;Ekstrøm, Terje;Kryssfiner;Formbøyd kryssfinér;Formbøying;;H 85 x B 13 x D 38,5 cm;85.0;13.0;38.5;;"Industridesign; Møbel; Prototyp";"322.48 (Møbeldesign); 352.1 (Sittemøbler)";;Gave 2016;;https://ms01.nasjonalmuseet.no/iiif/tif/144127.tif/full/4000,/0/default.jpg;1;https://digitaltmuseum.org/0210614984055;https://www.nasjonalmuseet.no/samlingen/objekt/NMK.2016.0137.005;;bilete/NMK.2016.0137.005.jpg
159;NMK.2016.0137.006;f758f163-d3ae-48ed-85e3-f2988132de25;Ekstrem Maestro;"Stol; Ekstrem Maestro; Laminatdel til stol";Mellom 1980 og 2013;1980;2013;2000-talet;Norge, Oslo (fylke), Oslo;Ekstrøm, Terje;Kryssfiner;Formbøyd kryssfinér;Formbøying;;H 122 x B 13,7 x D 45 cm;122.0;13.7;45.0;;"Industridesign; Møbel; Prototyp";"322.48 (Møbeldesign); 352.1 (Sittemøbler)";;Gave 2016;;https://ms01.nasjonalmuseet.no/iiif/tif/144126.tif/full/4000,/0/default.jpg;1;https://digitaltmuseum.org/0210614984117;https://www.nasjonalmuseet.no/samlingen/objekt/NMK.2016.0137.006;;bilete/NMK.2016.0137.006.jpg
149;NMK.2016.0139;53de850f-0fff-451c-bb66-80542c35787e;Ekstrem Puzzle;"Sofa; Ekstrem Puzzle; Prototyp til modulsofa";1985;1985;1985;2000-talet;Norge, Oslo (fylke), Oslo;Ekstrøm, Terje;"Polyuretan; Tekstil; Møbelplate; Metall; Plast";Lakkert tre, plast og bøyd metall, polstret med polyuretan og trukket med tekstil;"Polstring; Fargelakkering; Formbøying";;H 45 cm (setehøyde) / L 100 cm (største lengdemål på enkelmodul);45.0;;;;"Møbel; Industridesign; Prototyp";"322.48 (Møbeldesign); 352.1 (Sittemøbler)";;Gave 2016;;"https://ms01.nasjonalmuseet.no/iiif/tif/143244.tif/full/4000,/0/default.jpg; https://ms01.nasjonalmuseet.no/iiif/tif/143232.tif/full/4000,/0/default.jpg; https://ms01.nasjonalmuseet.no/iiif/tif/143233.tif/full/4000,/0/default.jpg; https://ms01.nasjonalmuseet.no/iiif/tif/143234.tif/full/4000,/0/default.jpg";4;https://digitaltmuseum.org/0210614982341;https://www.nasjonalmuseet.no/samlingen/objekt/NMK.2016.0139;;bilete/NMK.2016.0139.jpg
146;NMK.2005.0640;6d2986aa-d6f3-4d59-9539-06d4cf72c1c5;Omfavnelse;"Stol; Cylindra; Stol med pute";1986;1986;1986;2000-talet;Norge, Norge;Opsvik, Peter;"Ask; Skumplast; Kryssfiner; Ull";Bemalt og fargelakkert ask, skåret dekor, kryssfiner, skumplast polstring med ulltrekk;"Liming; Skruing; Polstring; Lavt relieff; Bemaling; Fargelakkering";;H 107 x ⌀ 62 cm;107.0;;;;"Møbel; Design";"322.48 (Møbeldesign); 352.1 (Sittemøbler); 531.46 (Møbelkunst)";;Ervervet mellom 2003 og 2005;;https://ms01.nasjonalmuseet.no/iiif/tif/34680.tif/full/4000,/0/default.jpg;1;https://digitaltmuseum.org/0210614966843;https://www.nasjonalmuseet.no/samlingen/objekt/NMK.2005.0640;;bilete/NMK.2005.0640.jpg
111;OK-1989-0094;8b01408e-cad4-4d9a-9ccc-0a6d147f15c9;Stol;Stol;1988;1988;1988;2000-talet;Norge, Vestland, Bergen;Engen, Elisabeth;Furu;Fernissert og sortbeiset furu;"Plugging; Beising; Fernissering";;H 111 x B 48 x D 43 cm;111.0;48.0;43.0;;"Møbel; Design";"322.48 (Møbeldesign); 352.1 (Sittemøbler)";;Gave 1988;;https://ms01.nasjonalmuseet.no/iiif/tif/07087.tif/full/4000,/0/default.jpg;1;https://digitaltmuseum.org/0210615062880;https://www.nasjonalmuseet.no/samlingen/objekt/OK-1989-0094;;bilete/OK-1989-0094.jpg
153;NMK.2016.0144;fb1201ae-cf03-47bd-8fc9-8445b64db5e5;Ekstrem-elevpult og stol;"Skrivebord; Prototyp til kombinert skolepult og stol";1997;1997;1997;2000-talet;Norge, Oslo (fylke), Oslo;Ekstrøm, Terje;"Finer; Stålrør";Sete og bordplate i laminert finer, festet i stativ av lakkerte stålrør;"Saging; Sveising; Fargelakkering";;H 91 x B 69 x D 112 cm;91.0;69.0;112.0;;"Prototyp; Møbel; Industridesign";"322.48 (Møbeldesign); 352.1 (Sittemøbler); 872 (Skoleundervisning)";;Gave 2016;;https://ms01.nasjonalmuseet.no/iiif/tif/142484.tif/full/4000,/0/default.jpg;1;https://digitaltmuseum.org/0210614982643;https://www.nasjonalmuseet.no/samlingen/objekt/NMK.2016.0144;;bilete/NMK.2016.0144.jpg
143;NMK.2005.0646;3ced35c6-2376-4d98-a3ae-3544d31d6d0a;Reflex 1;"Stol; Reflex I";1999;1999;1999;2000-talet;Norge, Norge;Opsvik, Peter;"Kryssfiner; Stål; Polyamid; Ask";Beiset, fargelakkert og fernissert kryssfiner og ask med dreid dekor, nylontau og sveiset stål.;"Sveising; Fargelakkering; Beising; Fernissering; Dreiing";;H 120 x B 81 x D 80 cm;120.0;81.0;80.0;;"Møbel; Design; Prototyp";352.1 (Sittemøbler);;Ervervet 2005;;https://ms01.nasjonalmuseet.no/iiif/tif/08736.tif/full/4000,/0/default.jpg;1;https://digitaltmuseum.org/0210614981143;https://www.nasjonalmuseet.no/samlingen/objekt/NMK.2005.0646;;bilete/NMK.2005.0646.jpg
147;NMK.2005.0661;d0c9307a-6faf-4316-aba4-c0330845c3ad;mann;"Stol; Swing4";1999;1999;1999;2000-talet;Norge, Norge;Opsvik, Peter;"Kryssfiner; Polyamid; Stål; Ask";Stol i beiset, fargelakkert og fernissert kryssfiner og ask med dreid dekor, nylontau og sveiset stål.;"Sveising; Fargelakkering; Beising; Fernissering; Dreiing";;H 121 x B 81 x D 135 cm;121.0;81.0;135.0;;"Møbel; Design; Prototyp";352.1 (Sittemøbler);;Ervervet 2005;;https://ms01.nasjonalmuseet.no/iiif/tif/08753.tif/full/4000,/0/default.jpg;1;https://digitaltmuseum.org/0210614982071;https://www.nasjonalmuseet.no/samlingen/objekt/NMK.2005.0661;;bilete/NMK.2005.0661.jpg
142;NMK.2005.0643;447b2062-df0b-4ee7-8b2a-6d61b3887173;Hund og Dame (prototype);"Taburett; Nomadi; Kan sammensettes som krakk eller skulptur; Bestående av to tre stoler, alle med løse ben";2000;2000;2001;2000-talet;Norge, Norge;Opsvik, Peter;"Lønn; Kryssfiner";Sammensatt tre;"Bemaling; Dreiing; Laminering; Dreiing";;H 45,7 x L 52,8 x B 36,5 cm;45.7;36.5;;;"Møbel; Design";"322.48 (Møbeldesign); 352.1 (Sittemøbler)";;Gave 2005;;https://ms01.nasjonalmuseet.no/iiif/tif/125120.tif/full/4000,/0/default.jpg;1;https://digitaltmuseum.org/0210615075227;https://www.nasjonalmuseet.no/samlingen/objekt/NMK.2005.0643;;bilete/NMK.2005.0643.jpg
144;NMK.2005.0645;61dc0bfa-e8e7-4009-b817-8fdf563e4a00;Motion;"Stol; Motion";2000;2000;2000;2000-talet;Norge, Norge;Opsvik, Peter;"Bøk; Metall; Gummi/plast";Fargelakkert bøk og metall, plast;"Skruing; Fargelakkering; Laminering; Formbøying";;H 89,5 x B 44,5 x D 60 cm;89.5;44.5;60.0;;"Møbel; Design";352.1 (Sittemøbler);;Ervervet 2005;;https://ms01.nasjonalmuseet.no/iiif/tif/08733.tif/full/4000,/0/default.jpg;1;https://digitaltmuseum.org/0210614981975;https://www.nasjonalmuseet.no/samlingen/objekt/NMK.2005.0645;;bilete/NMK.2005.0645.jpg
158;NMK.2005.0593;11f24cd0-482c-4b33-a5ff-c3fb97cafad5;Sittingpapp;"Taburett; Pappstol";2001;2001;2001;2000-talet;Norge, Norge;K8 industridesign;Papp;Sammensatte deler av papp;"Bretting; Sammenføyning";;H 50,5 x B 56,5 x D 40,5 cm;50.5;56.5;40.5;;"Møbel; Design";"322.48 (Møbeldesign); 352.1 (Sittemøbler)";;Gave 2005;;https://ms01.nasjonalmuseet.no/iiif/tif/70660.tif/full/4000,/0/default.jpg;1;https://digitaltmuseum.org/0210614981637;https://www.nasjonalmuseet.no/samlingen/objekt/NMK.2005.0593;;bilete/NMK.2005.0593.jpg
145;NMK.2005.0591;2d9334a6-4561-4ba5-b43d-ad3d85a5e92e;Break;"Sofa; Break";2004;2004;2004;2000-talet;Norge, Norge;Norway Says;"Ull; Metall; Tre";Stofftrukket bøyetre med skum og understell i metall.;Polstring;;H 76 x L 184 x D 67 cm;76.0;;67.0;;"Møbel; Design; Prototyp";"322.48 (Møbeldesign); 352.1 (Sittemøbler)";;Gave 2005;;"https://ms01.nasjonalmuseet.no/iiif/tif/140148.tif/full/4000,/0/default.jpg; https://ms01.nasjonalmuseet.no/iiif/tif/140149.tif/full/4000,/0/default.jpg";2;https://digitaltmuseum.org/0210614982097;https://www.nasjonalmuseet.no/samlingen/objekt/NMK.2005.0591;;bilete/NMK.2005.0591.jpg
156;NMK.2016.0142;818be345-0cf3-4f70-adb3-98a6b29b6ca0;Mini version 2;"Stol; Prototyp til stol";2005;2005;2005;2000-talet;Norge, Oslo (fylke), Oslo;Ekstrøm, Terje;"Finer; Skum; Metall";Formbøyd, laminert tre, sete av skumputer;Formbøying;;H 103,5 x B 38 x D 35 cm;103.5;38.0;35.0;;"Møbel; Industridesign; Prototyp";"322.48 (Møbeldesign); 352.1 (Sittemøbler)";;Gave 2016;;https://ms01.nasjonalmuseet.no/iiif/tif/142184.tif/full/4000,/0/default.jpg;1;https://digitaltmuseum.org/0210614967539;https://www.nasjonalmuseet.no/samlingen/objekt/NMK.2016.0142;;bilete/NMK.2016.0142.jpg
