objectId,stilperiode,produksjonsstad,materialar,datering
NMK.2005.0638,,Norge,Bøk|Kryssfiner|Lær,1983
NMK.2005.0639,Postmodernisme,Norge,Bøk|Skumplast|Kryssfiner|Ull,1985
NMK.2005.0640,Postmodernisme,Norge,Ask|Skumplast|Kryssfiner|Ull,1986
NMK.2005.0641,Postmodernisme,Norge,Metall|Gummi/plast|Tre,1975
NMK.2005.0644,Postmodernisme,Norge,Tre|Kryssfiner|Tekstil,2002
NMK.2005.0645,Postmodernisme,Norge,Bøk|Metall|Gummi/plast,2000
NMK.2005.0646,Postmodernisme,Norge,Kryssfiner|Stål|Polyamid|Ask,1999
NMK.2005.0661,Postmodernisme,Norge,Kryssfiner|Polyamid|Stål|Ask,1999
NMK.2006.0076,,,Metall,1952
NMK.2007.0006,,,Tekstil|Maling|Tre|Metall,(1998)
NMK.2008.0005,Postmodernisme,,Kryssfiner|Syntetiske fibre|Stål,1997
NMK.2008.0006,Postmodernisme,,Plast|Stål,1998
NMK.2008.0110,Etterkrigsmodernisme,,Kryssfiner|Stål|Plast,1955
NMK.2008.0111,Modernisme,,Palme|Ask,1957 (design 1951)
NMK.2008.0118,,,Plast,2008 (design 1959/60)
NMK.2009.0087,Modernisme,Os,Eik|Ull|Messing,Ca. 1950
NMK.2009.0116,Modernisme,Danmark,Eik|Stål|Plast,2002
NMK.2009.0117,Modernisme,Oslo,Teak|Kryssfiner|Stål,1999-2000
NMK.2009.0164,Scandinavian Design,,Tre|Bomull|Messing,Ca. 1950
NMK.2010.0161,Historisme,Storbritannia,Eik|Silke|Metall|Bomull,Ca. 1850
NMK.2010.0162,Historisme,Storbritannia,Vegetabilske fibre|Ask,1877
NMK.2010.0164,Historisme,Storbritannia,Ask,1883
NMK.2011.0001,Historisme,Storbritannia,Nøttetre|Plysj|Perlemor,Ca. 1885
NMK.2011.0004,,,Ull|Teak|Eik|Kryssfiner,1958
NMK.2011.0139,,,Ull|Plast|Stål|Skumplast,2009
NMK.2011.0140,,,Ull|Syntetiske fibre|Kryssfiner|Gummi/plast|Stål,1985
NMK.2011.0142,,,Eik|Lær|Stål|Kryssfiner,2009
NMK.2011.0320,Funksjonalisme,,"Stål|Tekstil, fløyel|Tre",Prod. ca. 1930 (design 1929)
NMK.2012.0160,Historisme,Tyskland,Tre,Ca. 1890
NMK.2012.0277,,,Bøk|Metall,1999 (design 1972)
NMK.2013.0359,,,Eik,2013
NMK.2014.0078,Historisme,Lillehammer,Furu|Ull|Kryssfiner,1927 (design) / 1928 (katalog)
NMK.2014.0118,,,Kryssfiner|Ull,1958
NMK.2014.0144,Historisme,England,Jern|Eik,1867
NMK.2014.0145,Historisme,England,Tre|Silke,1880
NMK.2015.0284,Art Nouveau,England,Strå|Eik,Ca. 1904
NMK.2015.0285,Art Nouveau,England,Strå|Eik,Ca. 1904
NMK.2015.0335,Postmodernisme,Sverige,Kryssfiner|Bøk|Skai,1986 (design)
NMK.2016.0063.046.001,,,Papir,Mellom 1946 og 1948
NMK.2016.0063.046.002,,,Papir,Mellom 1946 og 1948
NMK.2016.0063.046.003,,,Papir,Mellom 1946 og 1948
NMK.2016.0133,,Oslo,Furu|Tekstil|Polyuretan|Metall,1980- eller 1990-tallet
NMK.2016.0134,,Oslo,Kryssfiner|Tekstil|Stål|Polyuretan,1980- eller 1990-tallet
NMK.2016.0135.001,,Norge,Stålrør,1972 (design) / Mellom 1989 og 2006 (produksjon)
NMK.2016.0135.002,,Norge,Polyuretan|Stål,1972 (design) / Mellom 1989 og 2006 (produksjon)
NMK.2016.0136,,Oslo,Stål|Kryssfiner,Mellom 1980 og 2013
NMK.2016.0137.001,,Oslo,Kryssfiner,Mellom 1980 og 2013
NMK.2016.0137.002,,Oslo,Kryssfiner,Mellom 1980 og 2013
NMK.2016.0137.003,,Oslo,Kryssfiner,Mellom 1980 og 2013
NMK.2016.0137.004,,Oslo,Kryssfiner,Mellom 1980 og 2013
NMK.2016.0137.005,,Oslo,Kryssfiner,Mellom 1980 og 2013
NMK.2016.0137.006,,Oslo,Kryssfiner,Mellom 1980 og 2013
NMK.2016.0141,,Oslo,Kryssfiner|Tekstil|Stål|Polyetylen,2005
NMK.2016.0142,,Oslo,Finer|Skum|Metall,2005
NMK.2016.0144,,Oslo,Finer|Stålrør,1997
NMK.2017.0169,Postmodernisme,,Tekstil|Bøk|Kryssfiner,1983
NMK.2018.0056,,,Papir,Begynnelsen 1900-tallet
NMK.2018.0059,,,Papir,Tidlig 1900-tall
NMK.2018.0060,,,Papir,Tidlig 1900-tall
NMK.2018.0061,,,Papir,Tidlig 1900-tall
NMK.2018.0110,,,Eik|Hud|Palisander,2003
NMK.2018.0221,,,Polykarbonat,2002
NMK.2018.0382,,,Kryssfiner,2019 (Design 1988)
NMK.2018.0383,,,Polypropylen,Design 2011
NMK.2018.0423,Scandinavian Design,Stordal,Palisander|Stål|Bøk|Kryssfiner,Ca. 1960
NMK.2018.0430,,,Eik|Kryssfiner,2018
NMK.2018.0468,,,Syntetiske fibre|Eik,2018
NMK.2018.0486,,,Kryssfiner|Bøk|Syntetfiber,2016 (design 2005)
NMK.2021.0137,,Sykkylven,Stålrør|Tekstil|Skumplast,1970 (design) 1971 (produksjon)
NMK.2021.0149,Scandinavian Design,,Mahogni|Tekstil|Bjørk,1952; 1952; 1952
NMK.2021.0204,Postmodernisme,,Ull|Stålrør|Tre|Skumplast,1983
NMK.2023.0091,Scandinavian Design,,Teak|Lær,1960 (design 1959)
NMK.DEP.2010.0009,,,Metall|Tekstil|Marmor,1998
NMK.DEP.2019.0014,,,Polypropylen,2009
NMK.INVENTAR.2017.0213,Jugend,Norge,Tekstil|Eik,1900
OK-01623,,Danmark,Voks|Bøk|Lær|Messing,Midten av 1600-tallet
OK-01624,,Danmark,Bøk|Messing|Lær,Midten av 1600-tallet
OK-01627,,Skandinavia,Lær|Bøk|Messing,Mellom 1650 og 1675
OK-01630,Barokk,Norge,Lær|Ask|Messing|Or|Lin,Mellom 1660 og 1680
OK-02256,Renessanse,Norge,Bøk|Ull|Messing|Lin,1632
OK-02257,Barokk,Norge,Ask,1691
OK-02274,,Norge,Ask|Strie|Messing|Lær|Kryssfiner,Slutten av 1600-tallet
OK-02615,Nybarokk,Hamburg,Eik|Palme|Bøk|Lær|Messing,1886
OK-02781,Barokk,Norge,Ask|Or|Lær|Lin,Begynnelsen av 1700-tallet
OK-02782,Barokk,Norge,Ask|Or|Lær,begynnelsen av 1700-tallet
OK-02817,Renessanse,Europa,Bøk|Tekstil|Eik,Første halvdel av 1600-tallet
OK-02880,Historisme,Oslo,Skinn/lær/pergament|Nøttetre|Messing,1887
OK-03077,Barokk,Norge,Bjørk|Lin|Lær,Ca. 1700
OK-03078,Barokk,Norge,Bjørk|Lær,Ca. 1700
OK-03079,Barokk,Norge,Or|Lær,Ca. 1700
OK-03080,Barokk,Norge,Or|Lin|Lær,Ca. 1700
OK-03888,Barokk,Nederland,"Nøttetre|Tekstil, plysj",Mellom 1685 og 1690
OK-03889,Barokk,Nederland,Nøttetre|Tekstil,Mellom 1685-1690
OK-03890,Barokk,Storbritannia,Nøttetre|Tekstil,1685-1690
OK-04072,,Portugal,Nøttetre|Furu|Messing|Lær,1600-tallet
OK-04953,Renessanse,Nord,Bjørk|Jern|Furu,Mellom 1600-1750
OK-05229,Sheraton,Hamburg,Hestetagl|Mahogni|Messing,1790-tallet
OK-05233,Rokokko,Storbritannia,"Mahogni|Tekstil, fløyel|Bøk",Mellom 1740 og 1775
OK-05234,Chippendale,Storbritannia,"Mahogni|Tekstil, fløyel",Slutten av 1700-tallet
OK-05235,Chippendale,Storbritannia,Bøk|Tekstil,1750-tallet
OK-05236,,Storbritannia,Hestetagl|Mahogni|Messing,Slutten av 1700-tallet
OK-05237,Empire,Frankrike,Mahogni|Silke|Bronse|Bøk,Mellom 1800 og 1829
OK-05399,Renessanse,Ile-de France,Nøttetre,Mellom 1540 og 1560
OK-05400,Louis XVI,Ukjent,Bøk|Silke,1775-1780
OK-05406,,Tyskland,Bøk|Hestetagl|Messing,Slutten av 1700-tallet
OK-05408,Jugend,Sverige,Mahogni|Silke,1897
OK-05413,Historisme,Storbritannia,Jakaranda|Bøk|Silke,1897
OK-05414,Historisme,Storbritannia,Jakaranda|Silke|Bøk,Før 1897
OK-05420,Klassisisme,Tyskland,Bøk|Palme|Silke,Siste halvdel av 1770-tallet
OK-05441A,Regency,København,Bøk|Palme|Silke,1798
OK-05441B,Regency,København,Bøk|Silke|Palme,1798
OK-05441C,Regency,København,Bøk|Palme,1798
OK-05441D,Regency,København,Bøk|Palme,1798
OK-05441E-1,Regency,København,Bøk|Palme,1798
OK-05441E,Regency,København,Bøk|Silke|Palme,1798
OK-05441F,Regency,København,Bøk|Palme,1798
OK-05542,Rokokko,Sverige,Nøttetre|Silke,Slutten av 1700-tallet
OK-05553,Barokk,Norge,Bjørk|Furu|Lær,Ca. 1700
OK-05554,,Norge,Bøk|Lær,1650-tallet
OK-05656,Historisme,Europa,Nøttetre|Bomull,Siste halvdel av 1800-tallet
OK-06103,Régence,Frankrike,"Nøttetre|Tekstil, plysj",1690-tallet
OK-06104,Régence,Frankrike,"Nøttetre|Tekstil, plysj",1690-tallet
OK-06105,Barokk,Frankrike,"Nøttetre|Tekstil, plysj",Siste halvdel av 1600-tallet
OK-06213A,Empire,Danmark,Mahogni|Hestetagl|Buksbom,Begynnelsen av 1800-tallet
OK-06213B,Empire,Danmark,Mahogni|Hestetagl,Begynnelsen av 1800-tallet
OK-06213C,Empire,Danmark,Mahogni|Hestetagl,Begynnelsen av 1800-tallet
OK-06213D,,Danmark,Mahogni|Hestetagl|Buksbom,1800-1825
OK-06434,Empire,Frankrike,Mahogni|Tre,Begynnelsen av 1800-tallet
OK-06494,Art Nouveau (Jugend),Paris,Eik|Bomull|Lønn|Silke|Eik,1900
OK-06495,Art Nouveau,Frankrike,Eik|Silke|Bomull|Lønn|Eik,1900
OK-06594,Hepplewhite,Storbritannia,Hestetagl|Mahogni|Bøk|Messing|Alm,Ca. 1780
OK-06595,Hepplewhite,Storbritannia,Hestetagl|Mahogni|Alm|Bøk|Messing,Ca. 1780
OK-06596,Hepplewhite,Storbritannia,Hestetagl|Mahogni|Messing|Alm|Bøk,Ca. 1780
OK-06597,Hepplewhite,Storbritannia,Mahogni|Hestetagl|Alm|Messing|Bøk,Ca. 1780
OK-06598,Hepplewhite,Storbritannia,Hestetagl|Mahogni|Messing|Alm|Bøk,Ca. 1780
OK-06612,Sheraton,Lindome,"Bøk|Syntetiske fibre, kunstsilke",1790-1820
OK-06615,Sheraton,Lindome,"Bøk|Syntetiske fibre, kunstsilke",1790-1820
OK-06616,Louis XVI,Norge,Bøk|Hestetagl|Furu|Vegetabilske fibre,Siste halvdel av 1700-tallet
OK-06624,Régence,Norge,Ask|Lær|Bjørk,1720-1740
OK-06659,Nyklassisisme,Norge,Bøk|Tekstil,1775-1799
OK-06661,Nyklassisisme,Norge,Bøk|Tekstil,1775-1799
OK-06892,Queen Anne,Storbritannia,"Nøttetre|Bøk|Tekstil, plysj|Buksbom",Første halvdel av 1700-tallet
OK-06893,Queen Anne,Storbritannia,"Nøttetre|Bøk|Tekstil, plysj|Buksbom",første halvdel av 1700-tallet
OK-06931,,Europa,Tekstil|Ask,1700-1750
OK-06932,Barokk,Norge,Ask|Skinn/lær/pergament|Eik,Slutten av 1600-tallet
OK-06939,Chippendale,Storbritannia,Mahogni|Tekstil|Ask|Messing,Mellom 1730 og 1760
OK-07061,Barokk,Rauland,Furu|Bjørk,første halvdel av 1800-tallet
OK-07062,Barokk,Tudal,Furu|Bjørk,første halvdel av 1800-tallet
OK-07063,Chippendale,Storbritannia,Mahogni|Hestetagl,Midten av 1700-tallet
OK-07243,Hepplewhite,Storbritannia,Mahogni|Silke,Slutten av 1700-tallet
OK-07252,Rokokko,Storbritannia,Mahogni|Silke,Midten av 1700-tallet
OK-07253,Rokokko,Storbritannia,Mahogni|Silke,Midten av 1700-tallet
OK-07254,,Storbritannia,Silke|Mahogni,Midten av 1700-tallet
OK-07255,Rokokko,Storbritannia,Mahogni|Silke,Midten av 1700-tallet
OK-07280,Régence,Norge,Ask|Silke|Bøk,Første halvdel av 1700-tallet
OK-07281,Hepplewhite,Norge,Bøk|Hestetagl|Messing,Ca. 1790
OK-07282,Hepplewhite,Norge,Bjørk|Alm|Hestetagl|Gran,Slutten av 1700-tallet
OK-07283,Hepplewhite,Norge,Bøk|Hestetagl,Slutten av 1700-tallet
OK-07355,,Ukjent,"Mahogni|Bjørk|Bøk|Furu|Bronse|Ibenholt|Syntetiske fibre, kunstsilke",Begynnelsen av 1800-tallet
OK-07356,,Europa,Mahogni|Bøk|Syntetiske fibre|Furu|Ibenholt|Bjørk|Bronse,Begynnelsen av 1800-tallet
OK-07357,,Europa,"Mahogni|Bjørk|Bøk|Ibenholt|Furu|Bronse|Syntetiske fibre, kunstsilke",Begynnelsen av 1800-tallet
OK-07363,,Holland,Jakaranda|Palme|Mahogni,Siste halvdel av 1600-tallet
OK-07455,,Tyskland,Nøttetre|Palme,midten av 1700-tallet
OK-07456,Rokokko,Tyskland,Nøttetre|Palme,Mellom 1730 og 1769
OK-07609,,Russland,Bjørk|Furu,første halvdel av 1800-tallet
OK-07610,Régence,Norge,Bøk|Bjørk|Lær|Lin,1725-1750
OK-07611,Régence,Norge,"Bøk|Skinn/lær/pergament, gyllenlær|Lin",Første halvdel av 1700-tallet
OK-07968,Barokk,Norge,Bøk|Lær,begynnelsen av 1700-tallet
OK-08045,Jugend,Holland,Silke|Pæretre,Ca. 1900
OK-08489,Queen Anne,Danmark,Bøk,Midten av 1700-tallet
OK-08490,Hepplewhite,Storbritannia,Hestetagl|Mahogni|Furu|Bøk|Messing,Slutten av 1700-tallet
OK-08491,Hepplewhite,Storbritannia,Mahogni|Bjørk|Furu|Hestetagl,Slutten av 1700-tallet
OK-08607A,,Norge,Bjørk|Furu|Ull|Bomull,Midten av 1700-tallet
OK-08607B,Queen Anne,Norge,Bjørk|Furu|Bomull|Ull,Midten av 1700-tallet
OK-08608A,Chippendale,Storbritannia,"Mahogni|Tekstil, fløyel",midten av 1700-tallet
OK-08608B,Chippendale,Storbritannia,"Mahogni|Tekstil, fløyel",Midten av 1700-tallet
OK-08662,,Storbritannia,Mahogni|Messing|Hestetagl,Slutten av 1700-tallet
OK-08663A,Hepplewhite,Storbritannia,Pæretre|Hestetagl|Messing,1780-1799
OK-08663B,Hepplewhite,Storbritannia,Pæretre|Hestetagl|Messing,1780-1799
OK-08745,,Hallingdal,Bjørk|Furu,Ca. 1700
OK-08803,,Hallingdal,Bjørk|Furu,1700-tallet
OK-08807,Renessanse,Frankrike,Nøttetre|Furu|Jern,1400-tallet
OK-08920A,,Danmark,Kunstsilke|Mahogni|Lønn|Buksbom|Bøk|Furu,Mellom 1810 og 1820
OK-08920F,Empire,Danmark,"Syntetiske fibre, kunstsilke|Mahogni|Furu|Lønn|Buksbom|Bøk",Mellom 1810 og 1819
OK-09215,Renessanse,Nederland,Nøttetre|Tekstil,første halvdel av 1600-tallet
OK-09250,Régence,Nederland,Bøk|Palme,Ca. 1720
OK-09251,Rokokko,Liège,"Nøttetre|Palme|Tekstil, plysj",Mellom 1730 og 1769
OK-09267A,Louis XVI,Tyskland,Nøttetre|Silke,ca. 1785
OK-09267B,Louis XVI,Tyskland,Nøttetre|Silke,ca. 1785
OK-09309,Louis XVI,Frankrike,Bøk|Silke|Palme,1780-tallet
OK-09415A,,Norge,Bjørk|Silke|Furu|Bomull,Ca. 1800
OK-09417,Hepplewhite,Storbritannia,Bøk|Silke,1780-tallet
OK-09687,Barokk,Lombardia,Nøttetre|Whitewood,Ca. 1650
OK-09688,Barokk,Portugal,Nøttetre|Furu|Skinn/lær/pergament|Messing,1680-1700
OK-09689,,Portugal,Nøttetre|Lær|Messing|Furu,1600-tallet
OK-09691,Barokk,Norge,Bøk|Eik|Skinn/lær/pergament|Messing,Ca. 1700
OK-09692,Barokk,Storbritannia,Nøttetre|Palme,Mellom 1660 og 1680
OK-09693A,Barokk,Storbritannia,Nøttetre|Ull|Bøk|Palme|Messing,1690-tallet
OK-09693,Barokk,Storbritannia,Nøttetre|Messing|Bøk|Eik|Plysj|Palme,1690-tallet
OK-09694A,Régence,Europa,"Bøk|Nøttetre|Buksbom|Tekstil, plysj",Første halvdel av 1700-tallet
OK-09694B,Queen Anne,Holland,"Nøttetre|Bøk|Tekstil, plysj|Buksbom",Første halvdel av 1700-tallet
OK-09694,,Frankrike,Nøttetre|Bøk|Buksbom|Tekstil,Første halvdel av 1700-tallet
OK-09696A,Queen Anne,Norge,Bøk|Tekstil|Furu,Midten av 1700-tallet
OK-09696B,Queen Anne,Norge,Bøk|Ull,Midten av 1700-tallet
OK-10059B,,Holland,Nøttetre|Lær|Messing,Antagelig 1620-tallet
OK-10141,Renessanse,Frankrike,Vegetabilske fibre|Nøttetre|Ull,Antagelig 1500-tallet
OK-10161,Barokk,Lombardia,Pæretre,Ca. 1600
OK-10330A,,Norge,Mahogni|Hestetagl|Eik|Furu|Whitewood,Ca. 1830
OK-10330B,,Norge,Mahogni|Hestetagl|Furu|Eik|Whitewood,Ca. 1830
OK-10330C,,Norge,Mahogni|Hestetagl|Furu|Eik|Whitewood,Ca. 1830
OK-10330D,,Norge,Mahogni|Hestetagl|Furu|Eik|Whitewood,Ca. 1830
OK-10330E,,Norge,Mahogni|Hestetagl|Furu|Eik|Whitewood,Ca. 1830
OK-10330F,,Norge,Mahogni|Hestetagl|Furu|Eik|Whitewood,Ca. 1830
OK-10343,Renessanse,Firenze,Nøttetre,1500-tallet
OK-10403,,Norge,Eik|Lær|Messing|Gran|Bomull|Voks|Furu,Mellom 1645 og 1655
OK-10648,Empire,Bergen,Or|Mahogni|Furu|Buksbom|Silke,Ca. 1820
OK-10700,Middelalder,Bø,Furu|Bjørk,Antagelig 1280-1350
OK-10859B,,Norge,Bøk|Ull,1750-1799
OK-10862A,Régence,Norge,Bøk|Messing|Lær,Første halvdel av 1700-tallet
OK-10862B,Régence,Norge,Bøk|Lær|Messing,Første halvdel av 1700-tallet
OK-10862D,Régence,Norge,Bøk|Messing|Lær,Første halvdel av 1700-tallet
OK-10862E,Régence,Norge,Bøk|Messing|Lær,Første halvdel av 1700-tallet
OK-10888A,Empire,Danmark,Mahogni|Eik|Buksbom|Bøk|Hestetagl|Furu,Ca. 1820
OK-10888B,Empire,Danmark,Mahogni|Eik|Buksbom|Furu|Hestetagl|Bøk,Ca. 1820
OK-10888C,Empire,Danmark,Mahogni|Hestetagl|Eik|Bøk|Buksbom,Ca. 1820
OK-10888D,Empire,Danmark,Mahogni|Buksbom|Eik|Bøk|Hestetagl,Ca. 1820
OK-10888E,Empire,Danmark,Mahogni|Bøk|Eik|Hestetagl|Buksbom,Ca. 1820
OK-10888F,Empire,Danmark,Mahogni|Bøk|Furu|Eik|Hestetagl|Buksbom,Ca. 1820
OK-10888G,Empire,Danmark,Mahogni|Eik|Bøk|Hestetagl|Buksbom,Ca. 1820
OK-10888H,Empire,Danmark,Mahogni|Furu|Bøk|Eik|Hestetagl|Buksbom,Ca. 1820
OK-10888I,Empire,Danmark,Mahogni|Eik|Buksbom|Furu|Hestetagl|Bøk,Ca. 1820
OK-10888J,Empire,Danmark,Mahogni|Furu|Buksbom|Eik|Hestetagl|Bøk,Ca. 1820
OK-10888K,Empire,Danmark,Mahogni|Eik|Bøk|Hestetagl|Buksbom,Ca. 1820
OK-10888L,Empire,Danmark,Mahogni|Eik|Bøk|Hestetagl|Buksbom,Ca. 1820
OK-10888,Empire,Danmark,Mahogni|Bøk|Buksbom|Hestetagl|Eik,Ca. 1820
OK-11049,,Shrinagar,Palisander|Silke,1850-1890
OK-11123A,,Oslo,Eik|Tekstil,Mellom 1895 og 1905
OK-11123B,,Oslo,Eik|Tekstil,Mellom 1895 og 1905
OK-11124,,Oslo,Eik|Tekstil,Ca. 1900
OK-11131A,,Oslo,Mahogni|Eik|Furu|Bomull,Ca. 1830
OK-11131B,,Oslo,Mahogni|Bomull|Eik|Furu,Ca. 1830
OK-11131C,,Oslo,Mahogni|Eik|Furu|Bomull,Ca. 1830
OK-11527A,,Norge,Eik|Lær,Ca. 1700
OK-11527B,,Norge,Eik|Lær,Ca. 1700
OK-11528A,,Norge,Bjørk|Lær|Kryssfiner,Ca. 1700
OK-11528B,,Norge,Bjørk|Kryssfiner|Lær,Ca. 1700
OK-11529A,,Norge,Lær|Eik|Bjørk,Ca. 1700
OK-11529B,,Norge,Lær|Bjørk|Eik,Ca. 1700
OK-11531C,,Roma,Løvtre|Bøk|Lær,1875-1899
OK-11531D,,Roma,Lær|Bøk|Tre,1875-1899
OK-11579,Rokokko,Norge,Bjørk|Lær,Ca. 1750
OK-11796,Régence,Norge,Ull|Bøk|Bomull|Furu,Ca. 1700
OK-11813H,,Norge,Mahogni|Plysj,Antagelig 1840-tallet
OK-11813I,,Norge,Mahogni|Plysj,Antagelig 1840-tallet
OK-11813J,Nyrokokko,Norge,"Mahogni|Tekstil, plysj",Antagelig 1840-tallet
OK-11813K,,Norge,Mahogni|Plysj,Antagelig 1840-tallet
OK-12553A,Louis XVI,Frankrike,Silke|Nøttetre,1770-tallet (stol) / ca. 1850 (stoff)
OK-12553B,Louis XVI,Frankrike,Silke|Nøttetre,1770-tallet (stol) / ca. 1850 (stoff)
OK-13678a,Empire,Danmark,Silke|Mahogni|Furu|Bøk|Lønn,Mellom 1800 og 1825
OK-13678b,,Danmark,Mahogni|Silke|Lønn|Furu|Bøk,Mellom 1800 og 1825
OK-14609D,Art Nouveau (Jugend),Paris,Mahogni|Silke,1900
OK-14609E,Art Nouveau,Paris,Mahogni|Silke,1900
OK-14846,Nyrokokko,Norge,"Mahogni|Bjørk|Ull|Vegetabilske fibre, stramei",1855-1865
OK-14883H-1,,Norge,Mahogni|Bøk|Silke,Mellom 1830 og 1850
OK-14883H-2,,Norge,Mahogni|Bøk|Silke,Mellom 1830 og 1850
OK-14890,,,"Tekstil, plysj|Mahogni",ca. 1860
OK-14894A,,Norge,"Bjørk|Alm|Tekstil, fløyel|Furu|Ask",mellom 1735 og 1745
OK-14894B,,Norge,"Alm|Bjørk|Tekstil, fløyel|Ask|Furu",Mellom 1735 og 1745
OK-14894C,,Norge,"Alm|Bjørk|Furu|Tekstil, fløyel|Ask",Mellom 1735 og 1745
OK-14894D,,Norge,"Bjørk|Alm|Furu|Tekstil, fløyel|Ask",Mellom 1735 og 1745
OK-14894E,,Norge,"Bjørk|Alm|Ask|Furu|Tekstil, fløyel",Mellom 1735 og 1745
OK-14894F,,Norge,"Alm|Bjørk|Ask|Tekstil, fløyel|Furu",Mellom 1735 og 1745
OK-15056B-1,,Norge,Eik|Palme,1889
OK-15056B-2,,Norge,Eik|Palme,1889
OK-15056B-3,,Norge,Eik|Palme,1889
OK-15059A,,Østerrike,Bøk|Kryssfiner,1870-tallet
OK-15059B,,Østerrike,Bøk|Kryssfiner|Bjørk,1870-tallet
OK-15680,Barokk,,Bøk|Sadelgjord|Bomull|Palme|Gran,ca. 1700
OK-16037,,Kina,Tre|Bronse,1368-1644
OK-17046,,Norge,Bjørk|Bomull,Midten av 1700-tallet
OK-17261,Chippendale,Norge,Alm|Hestetagl,siste halvdel av 1700-tallet
OK-17280A,Empire,Norge,"Bjørk|Syntetiske fibre, kunstsilke|Mahogni|Buksbom|Silke",Ca. 1820
OK-17280B,Empire,Norge,Bjørk|Buksbom|Mahogni|Gran|Hestetagl,Ca. 1820
OK-17280C,Empire,Norge,Bjørk|Gran|Hestetagl|Mahogni|Buksbom,Ca. 1820
OK-17280D,Empire,Norge,Bjørk|Gran|Hestetagl|Mahogni|Buksbom,Ca. 1820
OK-17280E,Empire,Norge,Bjørk|Hestetagl|Gran|Mahogni|Buksbom,Ca. 1820
OK-17280F,Empire,Norge,Bjørk|Mahogni|Buksbom|Hestetagl|Gran,Ca. 1820
OK-17286E,Modernisme,Oslo,"Stål|Tekstil, fløyel|Vegetabilske fibre, lerret",1929 (design)
OK-17289A,,Norge,Bjørk|Messing|Buksbom|Hestetagl|Jakaranda,1820-tallet
OK-17289B,,Norge,Bjørk|Jakaranda|Messing|Hestetagl|Buksbom,1820-tallet
OK-17289C,,Norge,Bjørk|Messing|Buksbom|Hestetagl|Jakaranda,1820-tallet
OK-17289D,,Norge,Bjørk|Messing|Buksbom|Hestetagl|Jakaranda,1820-tallet
OK-17289E,,Norge,Bjørk|Jakaranda|Messing|Buksbom|Hestetagl,1820-tallet
OK-17289F,,Norge,Bjørk|Messing|Jakaranda|Buksbom|Hestetagl,1820-tallet
OK-17290,,Norge,Eik|Bøk|Lær,Siste halvdel av 1600-tallet
OK-17302B,,Norge,"Mahogni|Syntetiske fibre, kunstsilke",Antagelig 1810-1820
OK-17329A,,Norge,"Mahogni|Furu|Vegetabilske fibre, strie",ca. 1840
OK-17329B,,Norge,Strie|Mahogni|Furu,Mellom 1835 og 1845
OK-18399,,Norge,"Tekstil, fløyel|Bøk|Furu|Messing",Ca. 1700
OK-18400,,,Furu,1976
OK-18419,,,Bøk,Mellom 1867 og 1900
OK-18446,Nyklassisisme,,Mahogni|Eik|Lind,1909
OK-18447,,,Mahogni|Lind|Eik,1909
OK-18458,Modernisme,Tsjekkoslovakia,Bøk|Kryssfiner|Emalje,Etter 1918
OK-18471A,Barokk,Norge,Bøk|Skinn/lær/pergament,Mellom 1700 og 1740
OK-18471B,Barokk,Norge,Bøk|Skinn/lær/pergament,Mellom 1700 og 1740
OK-18534,Postmodernisme,Sverige,,1980
OK-19553,,Danmark,Kryssfiner,1992 (design)
OK-19554,,Danmark,Kryssfiner,1992 (design)
OK-1966-0108,Scandinavian Design,Danmark,Eik|Papirsnor,1950
OK-1966-0114,,Norge,"Bøk|Tekstil, fløyel",1775-1799
OK-1966-0117A,Régence,Holland,Bøk|Palme,1710-1730
OK-1966-0117B,Régence,Storbritannia,Bøk|Palme,1710-1730
OK-1966-0120A,Rokokko,Danmark,Bøk|Hestetagl,Mellom 1750 og 1770
OK-1966-0120B,,Danmark,Bøk|Hestetagl,1750-1770
OK-1966-0120C,Rokokko,Danmark,Bøk|Hestetagl,1750-1770
OK-1966-0120D,Rokokko,Danmark,Bøk|Hestetagl,1750-1770
OK-1966-0120E,Rokokko,Danmark,Bøk|Hestetagl,Mellom 1750 og 1770
OK-1966-0120F,Rokokko,Danmark,Bøk|Hestetagl,1750-1770
OK-1966-0120G,Rokokko,Danmark,Bøk|Hestetagl,1750-1770
OK-1966-0120H,Rokokko,Danmark,Bøk|Hestetagl,1750-1770
OK-1968-0164B,Biedermeier,Skandinavia,Mahogni|Bøk|Furu|Silke,1830-tallet
OK-1970-0039,,Sverige,Nøttetre|Bomull|Furu|Bøk,1870-tallet
OK-1970-0040,,Holland,Bøk|Palme,Ca. 1700
OK-1972-0005A,,Skandinavia,Tekstil|Bøk,Ca. 1710
OK-1972-0005B,,Skandinavia,Tekstil|Bøk,Ca. 1710
OK-1972-0006A,,Wien,Eik|Messing|Skinn/lær/pergament,1887
OK-1972-0006B,,Wien,Eik|Skinn/lær/pergament|Messing,1887
OK-1972-0006,,Wien,Eik|Messing|Skinn/lær/pergament,1887
OK-1978-0215A,,Albertslund,Eik|Papir,Mellom 1948 og 1976
OK-1978-0215B,,Albertslund,Eik|Papir,Mellom 1948 og 1976
OK-1978-0219,,København,Mahogni|Palme,1949 (design) / 1976 (dette eksemplar)
OK-1978-0220B,Modernisme,Sverige,Kryssfiner|Sadelgjord|Bøk,1978 (design 1933-36)
OK-1978-0220,,Sverige,"Ull|Vegetabilske fibre, lerret|Syntetiske fibre|Lær|Bøk|Kryssfiner",1978 (design 1933-36)
OK-1979-0001,Hepplewhite,Storbritannia,Mahogni|Lerret|Bøk,Ca. 1780
OK-1980-0043,Postmodernisme,Norge,Tekstil|Stål|Gummi/plast,1980
OK-1980-0044A,,Oslo,Ull|Stål|Plast|Skumplast|Kryssfiner,1980
OK-1980-0044B,,Oslo,Ull|Stål|Plast|Kryssfiner|Skumplast,1980
OK-1980-0045,Postmodernisme,Norge,Bøk|Ull|Kryssfiner,1979
OK-1980-0046,,Oslo,Ull|Stål|Plast|Skumplast|Kryssfiner,1980
OK-1981-0026A,,,"Bøk|Annet, linoleum|Kryssfiner",1981
OK-1981-0026B,,,"Bøk|Kryssfiner|Annet, linoleum",1981
OK-1984-0149,Dragestil,Norge,Bjørk|Messing|Furu|Ull,Ca. 1900 (stol) / 1899 (vevdesign)
OK-1985-0026B,Régence,Ukjent,Nøttetre|Furu|Tekstil,1730
OK-1985-0031A,,Kina,Rosentre|Palme|Tre|Tekstil,Ca. 1800
OK-1987-0096,,Ukjent,Tre,Mellom 1885 og 1895
OK-1987-0130,,Ørsta,Melamin|Stål|Kryssfiner|Bøk,1985 (design og produksjon)
OK-1989-0001B,,Ukjent,Furu|Bjørk|Bomull,Ca. 1800
OK-1989-0002A,Nyrokokko,Edinburgh,Tekstil|Mahogni,1860-tallet
OK-1989-0002B,Nyrokokko,Edinburgh,Ull|Mahogni,1860-tallet
OK-1989-0002C,Nyrokokko,Edinburgh,Ull|Mahogni,1860-tallet
OK-1989-0002D,Nyrokokko,Edinburgh,Ull|Mahogni,1860-tallet
OK-1989-0002E,Nyrokokko,Edinburgh,Ull|Mahogni,1860-tallet
OK-1989-0002F,Nyrokokko,Edinburgh,Mahogni|Ull,1860-tallet
OK-1989-0003A,Nyrokokko,Hamburg,Tekstil|Mahogni|Messing,1860-tallet
OK-1989-0003B,Nyrokokko,Hamburg,Tekstil|Mahogni,1860-1870
OK-1989-0003C,Historisme,Tyskland,Tre|Tekstil,ca. 1880
OK-1989-0043,,Frankrike,Stål,1986
OK-1989-0094,Postmodernisme,Bergen,Furu,1988
OK-1989-0140,,Helsingfors,Dracon duk|Boron|Polyester,1989
OK-1989-0185,Scandinavian Design,København,Skinn/lær/pergament|Aluminium|Gummi/plast,1958
OK-1989-0229A,Louis XVI,Norge,Tre|Messing|Silke|Bronse,Ca. 1870
OK-1989-0229B,Louis XVI,Norge,Tre|Messing|Silke|Bronse,Ca. 1870
OK-1989-0229C,Louis XVI,Norge,Tre|Messing|Silke|Bronse,Ca. 1870
OK-1989-0229D,Louis XVI,Norge,Tre|Silke|Bronse|Messing,Ca. 1870
OK-1990-0041,,Oslo,"Annet, kunstlær|Stål|Kryssfiner|Nøttetre",1964
OK-1990-0073B,Nyrokokko,Storbritannia,Tre|Perlemor|Pappmasjé|Palme,1850-tallet
OK-1990-0073C,Nyrokokko,Storbritannia,Tre|Pappmasjé|Palme|Perlemor,1850-tallet
OK-1991-0003,,Norge,Bøk|Gummi/plast,1986 (design) / 1991 (dette eksemplar)
OK-1991-0016C,,Finland,"Gummi/plast|Annet, kunstlær",Ca. 1970
OK-1991-0892D,,Norge,Furu|Hestetagl,Mellom 1930 og 1932
OK-1991-0898,Postmodernisme,Norge,Kryssfiner|Tekstil|Tre|Gummi,1982
OK-1992-0122A,,,Bøk|Vegetabilske fibre,1987
OK-1992-0122B,,,Bøk|Vegetabilske fibre,1987
OK-1994-0038,,Norge,Plast,1933
OK-1994-0136,,Italia,Bøk,"1917 (design), 1973 (dette eksemplar)"
OK-1994-0210,Barokk,Ukjent,"Eik|Tekstil, lerret|Tekstil, fløyel",ca. 1900
OK-1995-0109,Jugend,Norge,Furu,Mellom 1896 og 1898
OK-1995-0111,,Ukjent,Skinn|Stål,1938
OK-1995-0114,Scandinavian Design,Fredrikstad,Bambus,Ca. 1960
OK-1995-0136C,Dragestil,Norge,"Mahogni|Ull|Messing|Animalske fibre, filt","1905 (møblement), 1899 (vevdesign)"
OK-1996-0001,Funksjonalisme,Oslo,Bjørk,1935 (design)
OK-1996-0029,Historisme,Edinburgh,Bjørk|Bøk,1870
OK-1996-0132,Nybarokk,Lillehammer,Furu|Bjørk,Ca. 1922
OK-1997-0125,,Norge,"Annet, kunstlær|Stål|Kryssfiner",Ca. 1956
OK-1999-0003,,Danmark,Skinn|Kryssfiner|Stål,1997
OK-1999-0053,,Tyskland,Stål|Gummi/plast,1990
OK-2000-0008,,Danmark,Kryssfiner|Stål,1952 (design) / 1989 (produksjon)
OK-2001-0151,,Sverige,Bøk|Kryssfiner|Teak,1955
OK-2001-0189,Scandinavian Design,Oslo,Stål|Gummi/plast,Siste halvdel av 1950-tallet
OK-2002-0097,,,Bjørk|Sponplate|Kryssfiner,1956
OK-2002-0136,,,Polypropylen|Aluminium,1998
OK-2002-0142,,Norge,Jern|Ull,2000
OK-2002-0155,,Europa,Stål|Plast|Metall,Siste halvdel av 1950-tallet
OK-2002-0168,,Norge,Stål|Gummi/plast|Kryssfiner|Lær,1962
OK-2002-0191,,,Bjørk|Ull,Mellom 1940 og 1941
OK-2003-0100,Etterkrigsmodernisme,Vestby,Tre,2002 (design 1968)
OK-2003-0115,,Basel,Plast,1957-1960 (design) / 1968 (produskjon)
OK-2003-0200,,Roma,Ull,1991
OK-2003-0202,,Roma,Plast,2002
OK-2003-0237,Etterkrigsmodernisme,Grimstad,"Annet, glassfiber|Polyester|Stål",Siste halvdel av 1950-tallet
OK-2003-0247,Modernisme,,Tekstil|Kryssfiner|Plast|Stål,1995
OK-2003-0249,,,Mahogni|Eik|Lind,1909
OK-INV-013K,,Norge,Ull|Bjørk,Slutten av 1930-tallet
OK-dep-00039A,Renessanse,Holland,Jakaranda|Lær|Silke,1644
OK-dep-00039B,Renessanse,Holland,Jakaranda|Silke|Lær,1644
OK-dep-01106,Régence,Norge,Ask|Lær,Mellom 1680 og 1700
weight_estimates,,,,
